layer,name,status,family,risk,references,file,line,evidence
emitter_api,_W,unreviewed,_W,60,269,BasiliskII/src/uae_cpu_2026/compiler/codegen_arm64.h,45,reachable encoder API; requires opcode/width/branch-range contract classification
emitter_api,ADC_www,unreachable,ADC_www,60,0,BasiliskII/src/uae_cpu_2026/compiler/codegen_arm64.h,186,no path from reachable AArch64 compiler/emitter roots
emitter_api,ADC_xxx,unreachable,ADC_xxx,60,0,BasiliskII/src/uae_cpu_2026/compiler/codegen_arm64.h,187,no path from reachable AArch64 compiler/emitter roots
emitter_api,ADCS_www,unreviewed,ADCS_www,60,3,BasiliskII/src/uae_cpu_2026/compiler/codegen_arm64.h,188,reachable encoder API; requires opcode/width/branch-range contract classification
emitter_api,ADCS_xxx,unreachable,ADCS_xxx,60,0,BasiliskII/src/uae_cpu_2026/compiler/codegen_arm64.h,189,no path from reachable AArch64 compiler/emitter roots
emitter_api,ADD_wwi,audited,ADD_wwi,80,12,BasiliskII/src/uae_cpu_2026/compiler/codegen_arm64.h,192,AARCH64_JIT_AUDIT_ADD_EMITTERS.md
emitter_api,ADD_www,audited,ADD_www,80,14,BasiliskII/src/uae_cpu_2026/compiler/codegen_arm64.h,194,AARCH64_JIT_AUDIT_ADD_EMITTERS.md
emitter_api,ADD_wwwEX,audited,ADD_wwwEX,80,1,BasiliskII/src/uae_cpu_2026/compiler/codegen_arm64.h,190,AARCH64_JIT_AUDIT_ADD_EMITTERS.md
emitter_api,ADD_wwwLSLi,audited,ADD_wwwLSLi,80,4,BasiliskII/src/uae_cpu_2026/compiler/codegen_arm64.h,196,AARCH64_JIT_AUDIT_ADD_EMITTERS.md
emitter_api,ADD_xxi,audited,ADD_xxi,80,8,BasiliskII/src/uae_cpu_2026/compiler/codegen_arm64.h,193,AARCH64_JIT_AUDIT_ADD_EMITTERS.md
emitter_api,ADD_xxwEX,audited,ADD_xxwEX,80,7,BasiliskII/src/uae_cpu_2026/compiler/codegen_arm64.h,191,AARCH64_JIT_AUDIT_ADD_EMITTERS.md
emitter_api,ADD_xxx,audited,ADD_xxx,80,3,BasiliskII/src/uae_cpu_2026/compiler/codegen_arm64.h,195,AARCH64_JIT_AUDIT_ADD_EMITTERS.md
emitter_api,ADD_xxxLSLi,unreachable,ADD_xxxLSLi,80,0,BasiliskII/src/uae_cpu_2026/compiler/codegen_arm64.h,197,no path from reachable AArch64 compiler/emitter roots
emitter_api,ADDS_wwi,unreviewed,ADDS_wwi,60,1,BasiliskII/src/uae_cpu_2026/compiler/codegen_arm64.h,198,reachable encoder API; requires opcode/width/branch-range contract classification
emitter_api,ADDS_www,unreviewed,ADDS_www,60,2,BasiliskII/src/uae_cpu_2026/compiler/codegen_arm64.h,200,reachable encoder API; requires opcode/width/branch-range contract classification
emitter_api,ADDS_wwwLSLi,unreviewed,ADDS_wwwLSLi,60,4,BasiliskII/src/uae_cpu_2026/compiler/codegen_arm64.h,202,reachable encoder API; requires opcode/width/branch-range contract classification
emitter_api,ADDS_xxi,unreachable,ADDS_xxi,60,0,BasiliskII/src/uae_cpu_2026/compiler/codegen_arm64.h,199,no path from reachable AArch64 compiler/emitter roots
emitter_api,ADDS_xxx,unreachable,ADDS_xxx,60,0,BasiliskII/src/uae_cpu_2026/compiler/codegen_arm64.h,201,no path from reachable AArch64 compiler/emitter roots
emitter_api,ADDS_xxxLSLi,unreachable,ADDS_xxxLSLi,60,0,BasiliskII/src/uae_cpu_2026/compiler/codegen_arm64.h,203,no path from reachable AArch64 compiler/emitter roots
emitter_api,AND_ww1f,unreachable,AND_ww1f,80,0,BasiliskII/src/uae_cpu_2026/compiler/codegen_arm64.h,293,no path from reachable AArch64 compiler/emitter roots
emitter_api,AND_ww3f,audited,AND_ww3f,80,25,BasiliskII/src/uae_cpu_2026/compiler/codegen_arm64.h,292,AARCH64_JIT_AUDIT_AND_EMITTERS.md
emitter_api,AND_www,audited,AND_www,80,16,BasiliskII/src/uae_cpu_2026/compiler/codegen_arm64.h,289,AARCH64_JIT_AUDIT_AND_EMITTERS.md
emitter_api,AND_xx1f,unreachable,AND_xx1f,80,0,BasiliskII/src/uae_cpu_2026/compiler/codegen_arm64.h,291,no path from reachable AArch64 compiler/emitter roots
emitter_api,AND_xxx,audited,AND_xxx,80,2,BasiliskII/src/uae_cpu_2026/compiler/codegen_arm64.h,290,AARCH64_JIT_AUDIT_AND_EMITTERS.md
emitter_api,ANDS_ww1f,unreachable,ANDS_ww1f,60,0,BasiliskII/src/uae_cpu_2026/compiler/codegen_arm64.h,300,no path from reachable AArch64 compiler/emitter roots
emitter_api,ANDS_ww3f,unreviewed,ANDS_ww3f,60,14,BasiliskII/src/uae_cpu_2026/compiler/codegen_arm64.h,299,reachable encoder API; requires opcode/width/branch-range contract classification
emitter_api,ANDS_ww7f,unreachable,ANDS_ww7f,60,0,BasiliskII/src/uae_cpu_2026/compiler/codegen_arm64.h,298,no path from reachable AArch64 compiler/emitter roots
emitter_api,ANDS_www,unreviewed,ANDS_www,60,11,BasiliskII/src/uae_cpu_2026/compiler/codegen_arm64.h,294,reachable encoder API; requires opcode/width/branch-range contract classification
emitter_api,ANDS_xx1f,unreachable,ANDS_xx1f,60,0,BasiliskII/src/uae_cpu_2026/compiler/codegen_arm64.h,297,no path from reachable AArch64 compiler/emitter roots
emitter_api,ANDS_xx7fff,unreviewed,ANDS_xx7fff,60,1,BasiliskII/src/uae_cpu_2026/compiler/codegen_arm64.h,296,reachable encoder API; requires opcode/width/branch-range contract classification
emitter_api,ANDS_xxx,unreachable,ANDS_xxx,60,0,BasiliskII/src/uae_cpu_2026/compiler/codegen_arm64.h,295,no path from reachable AArch64 compiler/emitter roots
emitter_api,ARM_CV_FLAGS,unreachable,ARM_CV_FLAGS,60,0,BasiliskII/src/uae_cpu_2026/compiler/codegen_arm64.h,38,no path from reachable AArch64 compiler/emitter roots
emitter_api,ASR_wwi,unreviewed,ASR_wwi,60,7,BasiliskII/src/uae_cpu_2026/compiler/codegen_arm64.h,326,reachable encoder API; requires opcode/width/branch-range contract classification
emitter_api,ASR_www,unreachable,ASR_www,60,0,BasiliskII/src/uae_cpu_2026/compiler/codegen_arm64.h,324,no path from reachable AArch64 compiler/emitter roots
emitter_api,ASR_xxi,unreviewed,ASR_xxi,60,2,BasiliskII/src/uae_cpu_2026/compiler/codegen_arm64.h,327,reachable encoder API; requires opcode/width/branch-range contract classification
emitter_api,ASR_xxx,unreviewed,ASR_xxx,60,9,BasiliskII/src/uae_cpu_2026/compiler/codegen_arm64.h,325,reachable encoder API; requires opcode/width/branch-range contract classification
emitter_api,B_i,audited,B_i,87,87,BasiliskII/src/uae_cpu_2026/compiler/codegen_arm64.h,77,AARCH64_JIT_AUDIT_BRANCH_EMITTERS.md
emitter_api,BCC_i,audited,BCC_i,87,4,BasiliskII/src/uae_cpu_2026/compiler/codegen_arm64.h,86,AARCH64_JIT_AUDIT_BRANCH_EMITTERS.md
emitter_api,BCS_i,audited,BCS_i,87,2,BasiliskII/src/uae_cpu_2026/compiler/codegen_arm64.h,85,AARCH64_JIT_AUDIT_BRANCH_EMITTERS.md
emitter_api,BEQ_i,audited,BEQ_i,87,29,BasiliskII/src/uae_cpu_2026/compiler/codegen_arm64.h,83,AARCH64_JIT_AUDIT_BRANCH_EMITTERS.md
emitter_api,BFI_wwii,unreviewed,BFI_wwii,60,135,BasiliskII/src/uae_cpu_2026/compiler/codegen_arm64.h,353,reachable encoder API; requires opcode/width/branch-range contract classification
emitter_api,BFI_xxii,unreviewed,BFI_xxii,60,24,BasiliskII/src/uae_cpu_2026/compiler/codegen_arm64.h,354,reachable encoder API; requires opcode/width/branch-range contract classification
emitter_api,BFXIL_wwii,unreviewed,BFXIL_wwii,60,1,BasiliskII/src/uae_cpu_2026/compiler/codegen_arm64.h,361,reachable encoder API; requires opcode/width/branch-range contract classification
emitter_api,BFXIL_xxii,unreviewed,BFXIL_xxii,60,26,BasiliskII/src/uae_cpu_2026/compiler/codegen_arm64.h,362,reachable encoder API; requires opcode/width/branch-range contract classification
emitter_api,BGE_i,audited,BGE_i,60,6,BasiliskII/src/uae_cpu_2026/compiler/codegen_arm64.h,93,AARCH64_JIT_AUDIT_BRANCH_EMITTERS.md
emitter_api,BGT_i,audited,BGT_i,60,5,BasiliskII/src/uae_cpu_2026/compiler/codegen_arm64.h,95,AARCH64_JIT_AUDIT_BRANCH_EMITTERS.md
emitter_api,BHI_i,unreachable,BHI_i,60,0,BasiliskII/src/uae_cpu_2026/compiler/codegen_arm64.h,91,no path from reachable AArch64 compiler/emitter roots
emitter_api,BIC_www,unreviewed,BIC_www,60,4,BasiliskII/src/uae_cpu_2026/compiler/codegen_arm64.h,368,reachable encoder API; requires opcode/width/branch-range contract classification
emitter_api,BIC_xxx,unreachable,BIC_xxx,60,0,BasiliskII/src/uae_cpu_2026/compiler/codegen_arm64.h,369,no path from reachable AArch64 compiler/emitter roots
emitter_api,BL_i,unreachable,BL_i,60,0,BasiliskII/src/uae_cpu_2026/compiler/codegen_arm64.h,78,no path from reachable AArch64 compiler/emitter roots
emitter_api,BLE_i,audited,BLE_i,60,17,BasiliskII/src/uae_cpu_2026/compiler/codegen_arm64.h,96,AARCH64_JIT_AUDIT_BRANCH_EMITTERS.md
emitter_api,BLR_x,unreviewed,BLR_x,60,5,BasiliskII/src/uae_cpu_2026/compiler/codegen_arm64.h,79,reachable encoder API; requires opcode/width/branch-range contract classification
emitter_api,BLS_i,audited,BLS_i,60,2,BasiliskII/src/uae_cpu_2026/compiler/codegen_arm64.h,92,AARCH64_JIT_AUDIT_BRANCH_EMITTERS.md
emitter_api,BLT_i,unreachable,BLT_i,60,0,BasiliskII/src/uae_cpu_2026/compiler/codegen_arm64.h,94,no path from reachable AArch64 compiler/emitter roots
emitter_api,BMI_i,audited,BMI_i,60,2,BasiliskII/src/uae_cpu_2026/compiler/codegen_arm64.h,87,AARCH64_JIT_AUDIT_BRANCH_EMITTERS.md
emitter_api,BNE_i,audited,BNE_i,87,16,BasiliskII/src/uae_cpu_2026/compiler/codegen_arm64.h,84,AARCH64_JIT_AUDIT_BRANCH_EMITTERS.md
emitter_api,BPL_i,unreachable,BPL_i,60,0,BasiliskII/src/uae_cpu_2026/compiler/codegen_arm64.h,88,no path from reachable AArch64 compiler/emitter roots
emitter_api,BR_x,audited,BR_x,87,3,BasiliskII/src/uae_cpu_2026/compiler/codegen_arm64.h,80,AARCH64_JIT_AUDIT_BRANCH_EMITTERS.md
emitter_api,BVC_i,audited,BVC_i,60,1,BasiliskII/src/uae_cpu_2026/compiler/codegen_arm64.h,90,AARCH64_JIT_AUDIT_BRANCH_EMITTERS.md
emitter_api,BVS_i,audited,BVS_i,60,23,BasiliskII/src/uae_cpu_2026/compiler/codegen_arm64.h,89,AARCH64_JIT_AUDIT_BRANCH_EMITTERS.md
emitter_api,CBNZ_wi,audited,CBNZ_wi,87,17,BasiliskII/src/uae_cpu_2026/compiler/codegen_arm64.h,102,AARCH64_JIT_AUDIT_BRANCH_EMITTERS.md
emitter_api,CBNZ_xi,audited,CBNZ_xi,87,1,BasiliskII/src/uae_cpu_2026/compiler/codegen_arm64.h,103,AARCH64_JIT_AUDIT_BRANCH_EMITTERS.md
emitter_api,CBZ_wi,audited,CBZ_wi,87,11,BasiliskII/src/uae_cpu_2026/compiler/codegen_arm64.h,104,AARCH64_JIT_AUDIT_BRANCH_EMITTERS.md
emitter_api,CBZ_xi,audited,CBZ_xi,87,2,BasiliskII/src/uae_cpu_2026/compiler/codegen_arm64.h,105,AARCH64_JIT_AUDIT_BRANCH_EMITTERS.md
emitter_api,CC_B_i,audited,CC_B_i,60,16,BasiliskII/src/uae_cpu_2026/compiler/codegen_arm64.h,82,AARCH64_JIT_AUDIT_BRANCH_EMITTERS.md
emitter_api,CCMP_wwfc,unreachable,CCMP_wwfc,60,0,BasiliskII/src/uae_cpu_2026/compiler/codegen_arm64.h,386,no path from reachable AArch64 compiler/emitter roots
emitter_api,CCMP_xxfc,unreachable,CCMP_xxfc,60,0,BasiliskII/src/uae_cpu_2026/compiler/codegen_arm64.h,387,no path from reachable AArch64 compiler/emitter roots
emitter_api,CLEAR_LOW16_xx,unreachable,CLEAR_LOW16_xx,60,0,BasiliskII/src/uae_cpu_2026/compiler/codegen_arm64.h,445,no path from reachable AArch64 compiler/emitter roots
emitter_api,CLEAR_LOW4_xx,unreachable,CLEAR_LOW4_xx,60,0,BasiliskII/src/uae_cpu_2026/compiler/codegen_arm64.h,443,no path from reachable AArch64 compiler/emitter roots
emitter_api,CLEAR_LOW8_xx,audited,CLEAR_LOW8_xx,60,12,BasiliskII/src/uae_cpu_2026/compiler/codegen_arm64.h,444,AARCH64_JIT_AUDIT_FSCC_LIFECYCLE.md
emitter_api,CLEAR_NZCV,unreachable,CLEAR_NZCV,60,0,BasiliskII/src/uae_cpu_2026/compiler/codegen_arm64.h,429,no path from reachable AArch64 compiler/emitter roots
emitter_api,CLEAR_xxbit,unreviewed,CLEAR_xxbit,60,5,BasiliskII/src/uae_cpu_2026/compiler/codegen_arm64.h,440,reachable encoder API; requires opcode/width/branch-range contract classification
emitter_api,CLEAR_xxCflag,unreviewed,CLEAR_xxCflag,60,5,BasiliskII/src/uae_cpu_2026/compiler/codegen_arm64.h,433,reachable encoder API; requires opcode/width/branch-range contract classification
emitter_api,CLEAR_xxVflag,unreviewed,CLEAR_xxVflag,60,2,BasiliskII/src/uae_cpu_2026/compiler/codegen_arm64.h,434,reachable encoder API; requires opcode/width/branch-range contract classification
emitter_api,CLEAR_xxZflag,unreviewed,CLEAR_xxZflag,60,7,BasiliskII/src/uae_cpu_2026/compiler/codegen_arm64.h,432,reachable encoder API; requires opcode/width/branch-range contract classification
emitter_api,CLS_ww,unreviewed,CLS_ww,60,6,BasiliskII/src/uae_cpu_2026/compiler/codegen_arm64.h,378,reachable encoder API; requires opcode/width/branch-range contract classification
emitter_api,CLZ_ww,unreachable,CLZ_ww,60,0,BasiliskII/src/uae_cpu_2026/compiler/codegen_arm64.h,379,no path from reachable AArch64 compiler/emitter roots
emitter_api,CMP_wi,audited,CMP_wi,88,28,BasiliskII/src/uae_cpu_2026/compiler/codegen_arm64.h,206,AARCH64_JIT_AUDIT_COMPARE_EMITTERS.md
emitter_api,CMP_ww,audited,CMP_ww,88,16,BasiliskII/src/uae_cpu_2026/compiler/codegen_arm64.h,208,AARCH64_JIT_AUDIT_COMPARE_EMITTERS.md
emitter_api,CMP_wwEX,unreachable,CMP_wwEX,88,0,BasiliskII/src/uae_cpu_2026/compiler/codegen_arm64.h,212,no path from reachable AArch64 compiler/emitter roots
emitter_api,CMP_wwLSLi,audited,CMP_wwLSLi,88,6,BasiliskII/src/uae_cpu_2026/compiler/codegen_arm64.h,210,AARCH64_JIT_AUDIT_COMPARE_EMITTERS.md
emitter_api,CMP_xi,audited,CMP_xi,88,3,BasiliskII/src/uae_cpu_2026/compiler/codegen_arm64.h,207,AARCH64_JIT_AUDIT_COMPARE_EMITTERS.md
emitter_api,CMP_xx,audited,CMP_xx,88,6,BasiliskII/src/uae_cpu_2026/compiler/codegen_arm64.h,209,AARCH64_JIT_AUDIT_COMPARE_EMITTERS.md
emitter_api,CMP_xxLSLi,unreachable,CMP_xxLSLi,88,0,BasiliskII/src/uae_cpu_2026/compiler/codegen_arm64.h,211,no path from reachable AArch64 compiler/emitter roots
emitter_api,CSEL_wwwc,unreviewed,CSEL_wwwc,60,9,BasiliskII/src/uae_cpu_2026/compiler/codegen_arm64.h,390,reachable encoder API; requires opcode/width/branch-range contract classification
emitter_api,CSEL_xxxc,unreviewed,CSEL_xxxc,60,11,BasiliskII/src/uae_cpu_2026/compiler/codegen_arm64.h,391,reachable encoder API; requires opcode/width/branch-range contract classification
emitter_api,CSET_wc,unreachable,CSET_wc,60,0,BasiliskII/src/uae_cpu_2026/compiler/codegen_arm64.h,394,no path from reachable AArch64 compiler/emitter roots
emitter_api,CSET_xc,unreviewed,CSET_xc,60,15,BasiliskII/src/uae_cpu_2026/compiler/codegen_arm64.h,395,reachable encoder API; requires opcode/width/branch-range contract classification
emitter_api,CSETM_wc,unreviewed,CSETM_wc,60,9,BasiliskII/src/uae_cpu_2026/compiler/codegen_arm64.h,398,reachable encoder API; requires opcode/width/branch-range contract classification
emitter_api,CSETM_xc,unreachable,CSETM_xc,60,0,BasiliskII/src/uae_cpu_2026/compiler/codegen_arm64.h,399,no path from reachable AArch64 compiler/emitter roots
emitter_api,EOR_www,audited,EOR_www,80,24,BasiliskII/src/uae_cpu_2026/compiler/codegen_arm64.h,303,AARCH64_JIT_AUDIT_EOR_EMITTERS.md
emitter_api,EOR_wwwLSLi,audited,EOR_wwwLSLi,80,1,BasiliskII/src/uae_cpu_2026/compiler/codegen_arm64.h,305,AARCH64_JIT_AUDIT_EOR_EMITTERS.md
emitter_api,EOR_xxbit,audited,EOR_xxbit,80,5,BasiliskII/src/uae_cpu_2026/compiler/codegen_arm64.h,439,AARCH64_JIT_AUDIT_EOR_EMITTERS.md
emitter_api,EOR_xxCflag,audited,EOR_xxCflag,80,21,BasiliskII/src/uae_cpu_2026/compiler/codegen_arm64.h,431,AARCH64_JIT_AUDIT_EOR_EMITTERS.md
emitter_api,EOR_xxx,unreachable,EOR_xxx,80,0,BasiliskII/src/uae_cpu_2026/compiler/codegen_arm64.h,304,no path from reachable AArch64 compiler/emitter roots
emitter_api,EOR_xxxLSLi,unreachable,EOR_xxxLSLi,80,0,BasiliskII/src/uae_cpu_2026/compiler/codegen_arm64.h,306,no path from reachable AArch64 compiler/emitter roots
emitter_api,EXTR_wwwi,unreachable,EXTR_wwwi,60,0,BasiliskII/src/uae_cpu_2026/compiler/codegen_arm64.h,348,no path from reachable AArch64 compiler/emitter roots
emitter_api,EXTR_xxxi,unreachable,EXTR_xxxi,60,0,BasiliskII/src/uae_cpu_2026/compiler/codegen_arm64.h,349,no path from reachable AArch64 compiler/emitter roots
emitter_api,FABS_dd,unreachable,FABS_dd,60,1,BasiliskII/src/uae_cpu_2026/compiler/codegen_arm64.h,479,"only retained raw_fabs_rr emits it, and configured AArch64 sign selectors service before unreachable fabs_rr"
emitter_api,FABS_ss,unreachable,FABS_ss,60,0,BasiliskII/src/uae_cpu_2026/compiler/codegen_arm64.h,480,no path from reachable AArch64 compiler/emitter roots
emitter_api,FADD_ddd,unreachable,FADD_ddd,60,1,BasiliskII/src/uae_cpu_2026/compiler/codegen_arm64.h,481,"only retained raw_fadd_rr emits it, and configured AArch64 add selectors service before unreachable fadd_rr"
emitter_api,FADD_sss,unreachable,FADD_sss,60,0,BasiliskII/src/uae_cpu_2026/compiler/codegen_arm64.h,482,no path from reachable AArch64 compiler/emitter roots
emitter_api,FCMP_d0,audited,FCMP_d0,60,3,BasiliskII/src/uae_cpu_2026/compiler/codegen_arm64.h,484,AARCH64_JIT_AUDIT_FCMP_EMITTERS.md
emitter_api,FCMP_dd,audited,FCMP_dd,60,5,BasiliskII/src/uae_cpu_2026/compiler/codegen_arm64.h,483,AARCH64_JIT_AUDIT_FCMP_EMITTERS.md
emitter_api,FCMP_ss,unreachable,FCMP_ss,60,0,BasiliskII/src/uae_cpu_2026/compiler/codegen_arm64.h,485,no path from reachable AArch64 compiler/emitter roots
emitter_api,FCVT_ds,audited,FCVT_ds,60,6,BasiliskII/src/uae_cpu_2026/compiler/codegen_arm64.h,467,AARCH64_JIT_AUDIT_FCVT_EMITTERS.md
emitter_api,FCVT_sd,audited,FCVT_sd,60,7,BasiliskII/src/uae_cpu_2026/compiler/codegen_arm64.h,468,AARCH64_JIT_AUDIT_FCVT_EMITTERS.md
emitter_api,FCVTAS_wd,audited,FCVTAS_wd,60,1,BasiliskII/src/uae_cpu_2026/compiler/codegen_arm64.h,472,AARCH64_JIT_AUDIT_FCVTAS_EMITTER.md
emitter_api,FCVTAS_xd,unreachable,FCVTAS_xd,60,0,BasiliskII/src/uae_cpu_2026/compiler/codegen_arm64.h,473,no path from reachable AArch64 compiler/emitter roots
emitter_api,FCVTZS_xd,unreachable,FCVTZS_xd,60,0,BasiliskII/src/uae_cpu_2026/compiler/codegen_arm64.h,474,no path from reachable AArch64 compiler/emitter roots
emitter_api,FDIV_ddd,unreachable,FDIV_ddd,60,3,BasiliskII/src/uae_cpu_2026/compiler/codegen_arm64.h,486,all three retained sites are below unreachable raw_fdiv_rr plus paired definition-only raw_fmod_rr/raw_frem1_rr after configured divide/FMOD/FREM service
emitter_api,FDIV_sss,unreachable,FDIV_sss,60,1,BasiliskII/src/uae_cpu_2026/compiler/codegen_arm64.h,487,"only retained raw_fsgldiv_rr emits it, and configured AArch64 FSGLDIV services before unreachable fsgldiv_rr"
emitter_api,FMOV_dd,audited,FMOV_dd,60,5,BasiliskII/src/uae_cpu_2026/compiler/codegen_arm64.h,458,AARCH64_JIT_AUDIT_FMOV_PRIMITIVES.md
emitter_api,FMOV_di,audited,FMOV_di,60,5,BasiliskII/src/uae_cpu_2026/compiler/codegen_arm64.h,464,AARCH64_JIT_AUDIT_FMOV_DI_EMITTER.md
emitter_api,FMOV_dx,audited,FMOV_dx,60,6,BasiliskII/src/uae_cpu_2026/compiler/codegen_arm64.h,460,AARCH64_JIT_AUDIT_FMOV_DX_XD_EMITTERS.md
emitter_api,FMOV_si,unreachable,FMOV_si,60,0,BasiliskII/src/uae_cpu_2026/compiler/codegen_arm64.h,465,no path from reachable AArch64 compiler/emitter roots
emitter_api,FMOV_ss,unreachable,FMOV_ss,60,0,BasiliskII/src/uae_cpu_2026/compiler/codegen_arm64.h,459,no path from reachable AArch64 compiler/emitter roots
emitter_api,FMOV_sw,audited,FMOV_sw,60,1,BasiliskII/src/uae_cpu_2026/compiler/codegen_arm64.h,462,AARCH64_JIT_AUDIT_FMOV_SW_WS_EMITTERS.md
emitter_api,FMOV_ws,audited,FMOV_ws,60,1,BasiliskII/src/uae_cpu_2026/compiler/codegen_arm64.h,463,AARCH64_JIT_AUDIT_FMOV_SW_WS_EMITTERS.md
emitter_api,FMOV_xd,audited,FMOV_xd,60,4,BasiliskII/src/uae_cpu_2026/compiler/codegen_arm64.h,461,AARCH64_JIT_AUDIT_FMOV_DX_XD_EMITTERS.md
emitter_api,FMSUB_dddd,unreachable,FMSUB_dddd,60,2,BasiliskII/src/uae_cpu_2026/compiler/codegen_arm64.h,490,both retained sites are below paired definition-only raw_fmod_rr/raw_frem1_rr after configured FMOD/FREM service
emitter_api,FMUL_ddd,unreachable,FMUL_ddd,60,1,BasiliskII/src/uae_cpu_2026/compiler/codegen_arm64.h,488,"only retained raw_fmul_rr emits it, and both configured AArch64 multiply roots service before unreachable fmul_rr"
emitter_api,FMUL_sss,unreachable,FMUL_sss,60,1,BasiliskII/src/uae_cpu_2026/compiler/codegen_arm64.h,489,"only retained raw_fsglmul_rr emits it, and configured AArch64 FSGLMUL services before unreachable fsglmul_rr"
emitter_api,FNEG_dd,unreachable,FNEG_dd,60,1,BasiliskII/src/uae_cpu_2026/compiler/codegen_arm64.h,491,"only retained raw_fneg_rr emits it, and configured AArch64 sign selectors service before unreachable fneg_rr"
emitter_api,FNEG_ss,unreachable,FNEG_ss,60,0,BasiliskII/src/uae_cpu_2026/compiler/codegen_arm64.h,492,no path from reachable AArch64 compiler/emitter roots
emitter_api,FRINTA_dd,unreachable,FRINTA_dd,60,1,BasiliskII/src/uae_cpu_2026/compiler/codegen_arm64.h,469,its sole retained site is below definition-only raw_frem1_rr after configured FREM service
emitter_api,FRINTI_dd,audited,FRINTI_dd,60,2,BasiliskII/src/uae_cpu_2026/compiler/codegen_arm64.h,470,AARCH64_JIT_AUDIT_FRINT_EMITTERS.md
emitter_api,FRINTZ_dd,unreachable,FRINTZ_dd,60,2,BasiliskII/src/uae_cpu_2026/compiler/codegen_arm64.h,471,both retained sites are below definition-only raw_frndintz_rr/raw_fmod_rr after configured FINT/FINTRZ and FMOD service
emitter_api,FSQRT_dd,unreachable,FSQRT_dd,60,1,BasiliskII/src/uae_cpu_2026/compiler/codegen_arm64.h,493,"only retained raw_fsqrt_rr emits it, and configured AArch64 square-root selectors service before unreachable fsqrt_rr"
emitter_api,FSQRT_ss,unreachable,FSQRT_ss,60,0,BasiliskII/src/uae_cpu_2026/compiler/codegen_arm64.h,494,no path from reachable AArch64 compiler/emitter roots
emitter_api,FSUB_ddd,unreachable,FSUB_ddd,60,1,BasiliskII/src/uae_cpu_2026/compiler/codegen_arm64.h,495,"only retained raw_fsub_rr emits it, and configured AArch64 subtract selectors service before unreachable fsub_rr"
emitter_api,FSUB_sss,unreachable,FSUB_sss,60,0,BasiliskII/src/uae_cpu_2026/compiler/codegen_arm64.h,496,no path from reachable AArch64 compiler/emitter roots
emitter_api,immEncode,unreviewed,immEncode,60,23,BasiliskII/src/uae_cpu_2026/compiler/codegen_arm64.h,59,reachable encoder API; requires opcode/width/branch-range contract classification
emitter_api,immOP_AND,unreviewed,immOP_AND,60,7,BasiliskII/src/uae_cpu_2026/compiler/codegen_arm64.h,425,reachable encoder API; requires opcode/width/branch-range contract classification
emitter_api,immOP_EOR,audited,immOP_EOR,60,2,BasiliskII/src/uae_cpu_2026/compiler/codegen_arm64.h,424,AARCH64_JIT_AUDIT_EOR_EMITTERS.md
emitter_api,immOP_ORR,unreviewed,immOP_ORR,60,5,BasiliskII/src/uae_cpu_2026/compiler/codegen_arm64.h,426,reachable encoder API; requires opcode/width/branch-range contract classification
emitter_api,LDAR_wX,unreachable,LDAR_wX,60,0,BasiliskII/src/uae_cpu_2026/compiler/codegen_arm64.h,502,no path from reachable AArch64 compiler/emitter roots
emitter_api,LDAR_wXi,unreachable,LDAR_wXi,60,0,BasiliskII/src/uae_cpu_2026/compiler/codegen_arm64.h,501,no path from reachable AArch64 compiler/emitter roots
emitter_api,LDP_wwXi,unreachable,LDP_wwXi,60,0,BasiliskII/src/uae_cpu_2026/compiler/codegen_arm64.h,119,no path from reachable AArch64 compiler/emitter roots
emitter_api,LDP_xxXi,unreviewed,LDP_xxXi,60,1,BasiliskII/src/uae_cpu_2026/compiler/codegen_arm64.h,120,reachable encoder API; requires opcode/width/branch-range contract classification
emitter_api,LDP_xxXpost,unreviewed,LDP_xxXpost,60,2,BasiliskII/src/uae_cpu_2026/compiler/codegen_arm64.h,121,reachable encoder API; requires opcode/width/branch-range contract classification
emitter_api,LDR_dXi,unreviewed,LDR_dXi,60,4,BasiliskII/src/uae_cpu_2026/compiler/codegen_arm64.h,451,reachable encoder API; requires opcode/width/branch-range contract classification
emitter_api,LDR_dXx,unreviewed,LDR_dXx,60,1,BasiliskII/src/uae_cpu_2026/compiler/codegen_arm64.h,453,reachable encoder API; requires opcode/width/branch-range contract classification
emitter_api,LDR_sXi,unreviewed,LDR_sXi,60,1,BasiliskII/src/uae_cpu_2026/compiler/codegen_arm64.h,452,reachable encoder API; requires opcode/width/branch-range contract classification
emitter_api,LDR_wPCi,unreachable,LDR_wPCi,60,0,BasiliskII/src/uae_cpu_2026/compiler/codegen_arm64.h,125,no path from reachable AArch64 compiler/emitter roots
emitter_api,LDR_wXi,unreviewed,LDR_wXi,60,27,BasiliskII/src/uae_cpu_2026/compiler/codegen_arm64.h,122,reachable encoder API; requires opcode/width/branch-range contract classification
emitter_api,LDR_wXx,unreviewed,LDR_wXx,60,2,BasiliskII/src/uae_cpu_2026/compiler/codegen_arm64.h,132,reachable encoder API; requires opcode/width/branch-range contract classification
emitter_api,LDR_wXxLSLi,unreviewed,LDR_wXxLSLi,60,1,BasiliskII/src/uae_cpu_2026/compiler/codegen_arm64.h,135,reachable encoder API; requires opcode/width/branch-range contract classification
emitter_api,LDR_xPCi,unreviewed,LDR_xPCi,60,1,BasiliskII/src/uae_cpu_2026/compiler/codegen_arm64.h,126,reachable encoder API; requires opcode/width/branch-range contract classification
emitter_api,LDR_xXi,unreviewed,LDR_xXi,60,25,BasiliskII/src/uae_cpu_2026/compiler/codegen_arm64.h,123,reachable encoder API; requires opcode/width/branch-range contract classification
emitter_api,LDR_xXpost,unreviewed,LDR_xXpost,60,4,BasiliskII/src/uae_cpu_2026/compiler/codegen_arm64.h,124,reachable encoder API; requires opcode/width/branch-range contract classification
emitter_api,LDR_xXx,unreachable,LDR_xXx,60,0,BasiliskII/src/uae_cpu_2026/compiler/codegen_arm64.h,133,no path from reachable AArch64 compiler/emitter roots
emitter_api,LDR_xXxLSLi,unreviewed,LDR_xXxLSLi,60,5,BasiliskII/src/uae_cpu_2026/compiler/codegen_arm64.h,136,reachable encoder API; requires opcode/width/branch-range contract classification
emitter_api,LDRB_wXi,unreachable,LDRB_wXi,60,0,BasiliskII/src/uae_cpu_2026/compiler/codegen_arm64.h,137,no path from reachable AArch64 compiler/emitter roots
emitter_api,LDRB_wXx,unreviewed,LDRB_wXx,60,2,BasiliskII/src/uae_cpu_2026/compiler/codegen_arm64.h,138,reachable encoder API; requires opcode/width/branch-range contract classification
emitter_api,LDRH_wXi,unreviewed,LDRH_wXi,60,6,BasiliskII/src/uae_cpu_2026/compiler/codegen_arm64.h,139,reachable encoder API; requires opcode/width/branch-range contract classification
emitter_api,LDRH_wXx,unreviewed,LDRH_wXx,60,2,BasiliskII/src/uae_cpu_2026/compiler/codegen_arm64.h,140,reachable encoder API; requires opcode/width/branch-range contract classification
emitter_api,LSL_wwi,unreviewed,LSL_wwi,60,67,BasiliskII/src/uae_cpu_2026/compiler/codegen_arm64.h,330,reachable encoder API; requires opcode/width/branch-range contract classification
emitter_api,LSL_www,unreviewed,LSL_www,60,18,BasiliskII/src/uae_cpu_2026/compiler/codegen_arm64.h,328,reachable encoder API; requires opcode/width/branch-range contract classification
emitter_api,LSL_xxi,unreviewed,LSL_xxi,60,14,BasiliskII/src/uae_cpu_2026/compiler/codegen_arm64.h,331,reachable encoder API; requires opcode/width/branch-range contract classification
emitter_api,LSL_xxx,unreviewed,LSL_xxx,60,10,BasiliskII/src/uae_cpu_2026/compiler/codegen_arm64.h,329,reachable encoder API; requires opcode/width/branch-range contract classification
emitter_api,LSR_wwi,unreviewed,LSR_wwi,60,13,BasiliskII/src/uae_cpu_2026/compiler/codegen_arm64.h,334,reachable encoder API; requires opcode/width/branch-range contract classification
emitter_api,LSR_www,unreviewed,LSR_www,60,4,BasiliskII/src/uae_cpu_2026/compiler/codegen_arm64.h,332,reachable encoder API; requires opcode/width/branch-range contract classification
emitter_api,LSR_xxi,unreviewed,LSR_xxi,60,5,BasiliskII/src/uae_cpu_2026/compiler/codegen_arm64.h,335,reachable encoder API; requires opcode/width/branch-range contract classification
emitter_api,LSR_xxx,unreviewed,LSR_xxx,60,17,BasiliskII/src/uae_cpu_2026/compiler/codegen_arm64.h,333,reachable encoder API; requires opcode/width/branch-range contract classification
emitter_api,MOV_wi,unreviewed,MOV_wi,60,46,BasiliskII/src/uae_cpu_2026/compiler/codegen_arm64.h,163,reachable encoder API; requires opcode/width/branch-range contract classification
emitter_api,MOV_wish,unreviewed,MOV_wish,60,6,BasiliskII/src/uae_cpu_2026/compiler/codegen_arm64.h,166,reachable encoder API; requires opcode/width/branch-range contract classification
emitter_api,MOV_ww,unreviewed,MOV_ww,60,68,BasiliskII/src/uae_cpu_2026/compiler/codegen_arm64.h,168,reachable encoder API; requires opcode/width/branch-range contract classification
emitter_api,MOV_xi,unreviewed,MOV_xi,60,36,BasiliskII/src/uae_cpu_2026/compiler/codegen_arm64.h,164,reachable encoder API; requires opcode/width/branch-range contract classification
emitter_api,MOV_xish,unreviewed,MOV_xish,60,9,BasiliskII/src/uae_cpu_2026/compiler/codegen_arm64.h,167,reachable encoder API; requires opcode/width/branch-range contract classification
emitter_api,MOV_xx,unreviewed,MOV_xx,60,7,BasiliskII/src/uae_cpu_2026/compiler/codegen_arm64.h,169,reachable encoder API; requires opcode/width/branch-range contract classification
emitter_api,MOVI_di,unreviewed,MOVI_di,60,3,BasiliskII/src/uae_cpu_2026/compiler/codegen_arm64.h,466,reachable encoder API; requires opcode/width/branch-range contract classification
emitter_api,MOVK_wi,unreviewed,MOVK_wi,60,2,BasiliskII/src/uae_cpu_2026/compiler/codegen_arm64.h,170,reachable encoder API; requires opcode/width/branch-range contract classification
emitter_api,MOVK_wish,unreviewed,MOVK_wish,60,1,BasiliskII/src/uae_cpu_2026/compiler/codegen_arm64.h,172,reachable encoder API; requires opcode/width/branch-range contract classification
emitter_api,MOVK_xi,unreviewed,MOVK_xi,60,1,BasiliskII/src/uae_cpu_2026/compiler/codegen_arm64.h,171,reachable encoder API; requires opcode/width/branch-range contract classification
emitter_api,MOVK_xish,unreviewed,MOVK_xish,60,3,BasiliskII/src/uae_cpu_2026/compiler/codegen_arm64.h,173,reachable encoder API; requires opcode/width/branch-range contract classification
emitter_api,MOVN_wi,unreviewed,MOVN_wi,60,5,BasiliskII/src/uae_cpu_2026/compiler/codegen_arm64.h,174,reachable encoder API; requires opcode/width/branch-range contract classification
emitter_api,MOVN_wish,unreachable,MOVN_wish,60,0,BasiliskII/src/uae_cpu_2026/compiler/codegen_arm64.h,176,no path from reachable AArch64 compiler/emitter roots
emitter_api,MOVN_xi,unreviewed,MOVN_xi,60,8,BasiliskII/src/uae_cpu_2026/compiler/codegen_arm64.h,175,reachable encoder API; requires opcode/width/branch-range contract classification
emitter_api,MOVN_xish,unreachable,MOVN_xish,60,0,BasiliskII/src/uae_cpu_2026/compiler/codegen_arm64.h,177,no path from reachable AArch64 compiler/emitter roots
emitter_api,MRS_FPCR_x,unreviewed,MRS_FPCR_x,60,1,BasiliskII/src/uae_cpu_2026/compiler/codegen_arm64.h,65,reachable encoder API; requires opcode/width/branch-range contract classification
emitter_api,MRS_FPSR_x,unreviewed,MRS_FPSR_x,60,3,BasiliskII/src/uae_cpu_2026/compiler/codegen_arm64.h,66,reachable encoder API; requires opcode/width/branch-range contract classification
emitter_api,MRS_NZCV_x,unreviewed,MRS_NZCV_x,60,87,BasiliskII/src/uae_cpu_2026/compiler/codegen_arm64.h,64,reachable encoder API; requires opcode/width/branch-range contract classification
emitter_api,MSR_FPCR_x,unreviewed,MSR_FPCR_x,60,1,BasiliskII/src/uae_cpu_2026/compiler/codegen_arm64.h,69,reachable encoder API; requires opcode/width/branch-range contract classification
emitter_api,MSR_FPSR_x,unreviewed,MSR_FPSR_x,60,3,BasiliskII/src/uae_cpu_2026/compiler/codegen_arm64.h,70,reachable encoder API; requires opcode/width/branch-range contract classification
emitter_api,MSR_NZCV_x,unreviewed,MSR_NZCV_x,60,85,BasiliskII/src/uae_cpu_2026/compiler/codegen_arm64.h,68,reachable encoder API; requires opcode/width/branch-range contract classification
emitter_api,MSUB_wwww,unreviewed,MSUB_wwww,60,4,BasiliskII/src/uae_cpu_2026/compiler/codegen_arm64.h,226,reachable encoder API; requires opcode/width/branch-range contract classification
emitter_api,MSUB_xxxx,unreviewed,MSUB_xxxx,60,6,BasiliskII/src/uae_cpu_2026/compiler/codegen_arm64.h,227,reachable encoder API; requires opcode/width/branch-range contract classification
emitter_api,MUL_www,unreachable,MUL_www,60,0,BasiliskII/src/uae_cpu_2026/compiler/codegen_arm64.h,215,no path from reachable AArch64 compiler/emitter roots
emitter_api,MUL_xxx,unreachable,MUL_xxx,60,0,BasiliskII/src/uae_cpu_2026/compiler/codegen_arm64.h,216,no path from reachable AArch64 compiler/emitter roots
emitter_api,MVN_ww,unreachable,MVN_ww,60,0,BasiliskII/src/uae_cpu_2026/compiler/codegen_arm64.h,178,no path from reachable AArch64 compiler/emitter roots
emitter_api,MVN_xx,unreachable,MVN_xx,60,0,BasiliskII/src/uae_cpu_2026/compiler/codegen_arm64.h,179,no path from reachable AArch64 compiler/emitter roots
emitter_api,NEG_ww,audited,NEG_ww,88,2,BasiliskII/src/uae_cpu_2026/compiler/codegen_arm64.h,237,AARCH64_JIT_AUDIT_NEG_LIFECYCLE.md
emitter_api,NEG_xx,unreachable,NEG_xx,88,0,BasiliskII/src/uae_cpu_2026/compiler/codegen_arm64.h,238,no path from reachable AArch64 compiler/emitter roots
emitter_api,NEGS_ww,unreachable,NEGS_ww,60,0,BasiliskII/src/uae_cpu_2026/compiler/codegen_arm64.h,239,no path from reachable AArch64 compiler/emitter roots
emitter_api,NEGS_xx,unreachable,NEGS_xx,60,0,BasiliskII/src/uae_cpu_2026/compiler/codegen_arm64.h,240,no path from reachable AArch64 compiler/emitter roots
emitter_api,NGC_ww,unreachable,NGC_ww,60,0,BasiliskII/src/uae_cpu_2026/compiler/codegen_arm64.h,241,no path from reachable AArch64 compiler/emitter roots
emitter_api,NGC_xx,unreachable,NGC_xx,60,0,BasiliskII/src/uae_cpu_2026/compiler/codegen_arm64.h,242,no path from reachable AArch64 compiler/emitter roots
emitter_api,NGCS_ww,unreachable,NGCS_ww,60,0,BasiliskII/src/uae_cpu_2026/compiler/codegen_arm64.h,243,no path from reachable AArch64 compiler/emitter roots
emitter_api,NGCS_xx,unreachable,NGCS_xx,60,0,BasiliskII/src/uae_cpu_2026/compiler/codegen_arm64.h,244,no path from reachable AArch64 compiler/emitter roots
emitter_api,ORR_www,unreviewed,ORR_www,60,40,BasiliskII/src/uae_cpu_2026/compiler/codegen_arm64.h,309,reachable encoder API; requires opcode/width/branch-range contract classification
emitter_api,ORR_wwwLSLi,unreachable,ORR_wwwLSLi,60,0,BasiliskII/src/uae_cpu_2026/compiler/codegen_arm64.h,311,no path from reachable AArch64 compiler/emitter roots
emitter_api,ORR_wwwLSRi,unreviewed,ORR_wwwLSRi,60,16,BasiliskII/src/uae_cpu_2026/compiler/codegen_arm64.h,313,reachable encoder API; requires opcode/width/branch-range contract classification
emitter_api,ORR_xxx,unreviewed,ORR_xxx,60,5,BasiliskII/src/uae_cpu_2026/compiler/codegen_arm64.h,310,reachable encoder API; requires opcode/width/branch-range contract classification
emitter_api,ORR_xxxLSLi,unreviewed,ORR_xxxLSLi,60,7,BasiliskII/src/uae_cpu_2026/compiler/codegen_arm64.h,312,reachable encoder API; requires opcode/width/branch-range contract classification
emitter_api,ORR_xxxLSRi,unreachable,ORR_xxxLSRi,60,0,BasiliskII/src/uae_cpu_2026/compiler/codegen_arm64.h,314,no path from reachable AArch64 compiler/emitter roots
emitter_api,REV_ww,unreviewed,REV_ww,60,4,BasiliskII/src/uae_cpu_2026/compiler/codegen_arm64.h,372,reachable encoder API; requires opcode/width/branch-range contract classification
emitter_api,REV_xx,unreviewed,REV_xx,60,2,BasiliskII/src/uae_cpu_2026/compiler/codegen_arm64.h,373,reachable encoder API; requires opcode/width/branch-range contract classification
emitter_api,REV16_ww,unreviewed,REV16_ww,60,5,BasiliskII/src/uae_cpu_2026/compiler/codegen_arm64.h,374,reachable encoder API; requires opcode/width/branch-range contract classification
emitter_api,REV16_xx,unreviewed,REV16_xx,60,1,BasiliskII/src/uae_cpu_2026/compiler/codegen_arm64.h,375,reachable encoder API; requires opcode/width/branch-range contract classification
emitter_api,REV32_xx,unreviewed,REV32_xx,60,3,BasiliskII/src/uae_cpu_2026/compiler/codegen_arm64.h,376,reachable encoder API; requires opcode/width/branch-range contract classification
emitter_api,REV64_dd,unreviewed,REV64_dd,60,2,BasiliskII/src/uae_cpu_2026/compiler/codegen_arm64.h,498,reachable encoder API; requires opcode/width/branch-range contract classification
emitter_api,ROR_wwi,unreviewed,ROR_wwi,60,16,BasiliskII/src/uae_cpu_2026/compiler/codegen_arm64.h,336,reachable encoder API; requires opcode/width/branch-range contract classification
emitter_api,ROR_www,unreviewed,ROR_www,60,12,BasiliskII/src/uae_cpu_2026/compiler/codegen_arm64.h,338,reachable encoder API; requires opcode/width/branch-range contract classification
emitter_api,ROR_xxi,unreachable,ROR_xxi,60,0,BasiliskII/src/uae_cpu_2026/compiler/codegen_arm64.h,337,no path from reachable AArch64 compiler/emitter roots
emitter_api,ROR_xxx,unreachable,ROR_xxx,60,0,BasiliskII/src/uae_cpu_2026/compiler/codegen_arm64.h,339,no path from reachable AArch64 compiler/emitter roots
emitter_api,SBC_www,unreachable,SBC_www,60,0,BasiliskII/src/uae_cpu_2026/compiler/codegen_arm64.h,248,no path from reachable AArch64 compiler/emitter roots
emitter_api,SBC_xxx,unreachable,SBC_xxx,60,0,BasiliskII/src/uae_cpu_2026/compiler/codegen_arm64.h,249,no path from reachable AArch64 compiler/emitter roots
emitter_api,SBCS_www,unreviewed,SBCS_www,60,3,BasiliskII/src/uae_cpu_2026/compiler/codegen_arm64.h,250,reachable encoder API; requires opcode/width/branch-range contract classification
emitter_api,SBCS_xxx,unreachable,SBCS_xxx,60,0,BasiliskII/src/uae_cpu_2026/compiler/codegen_arm64.h,251,no path from reachable AArch64 compiler/emitter roots
emitter_api,SBFIZ_wwii,unreachable,SBFIZ_wwii,60,0,BasiliskII/src/uae_cpu_2026/compiler/codegen_arm64.h,355,no path from reachable AArch64 compiler/emitter roots
emitter_api,SBFIZ_xxii,unreachable,SBFIZ_xxii,60,0,BasiliskII/src/uae_cpu_2026/compiler/codegen_arm64.h,356,no path from reachable AArch64 compiler/emitter roots
emitter_api,SBFM_wwii,unreviewed,SBFM_wwii,60,2,BasiliskII/src/uae_cpu_2026/compiler/codegen_arm64.h,268,reachable encoder API; requires opcode/width/branch-range contract classification
emitter_api,SBFM_xxii,unreviewed,SBFM_xxii,60,3,BasiliskII/src/uae_cpu_2026/compiler/codegen_arm64.h,269,reachable encoder API; requires opcode/width/branch-range contract classification
emitter_api,SBFX_wwii,unreachable,SBFX_wwii,60,0,BasiliskII/src/uae_cpu_2026/compiler/codegen_arm64.h,363,no path from reachable AArch64 compiler/emitter roots
emitter_api,SBFX_xxii,unreachable,SBFX_xxii,60,0,BasiliskII/src/uae_cpu_2026/compiler/codegen_arm64.h,364,no path from reachable AArch64 compiler/emitter roots
emitter_api,SCVTF_dw,audited,SCVTF_dw,60,6,BasiliskII/src/uae_cpu_2026/compiler/codegen_arm64.h,475,AARCH64_JIT_AUDIT_SCVTF_EMITTER.md
emitter_api,SCVTF_dx,unreachable,SCVTF_dx,60,0,BasiliskII/src/uae_cpu_2026/compiler/codegen_arm64.h,477,no path from reachable AArch64 compiler/emitter roots
emitter_api,SCVTF_sw,unreachable,SCVTF_sw,60,0,BasiliskII/src/uae_cpu_2026/compiler/codegen_arm64.h,476,no path from reachable AArch64 compiler/emitter roots
emitter_api,SDIV_www,unreviewed,SDIV_www,60,1,BasiliskII/src/uae_cpu_2026/compiler/codegen_arm64.h,231,reachable encoder API; requires opcode/width/branch-range contract classification
emitter_api,SDIV_xxx,unreviewed,SDIV_xxx,60,5,BasiliskII/src/uae_cpu_2026/compiler/codegen_arm64.h,232,reachable encoder API; requires opcode/width/branch-range contract classification
emitter_api,SET_LOW8_xx,audited,SET_LOW8_xx,60,12,BasiliskII/src/uae_cpu_2026/compiler/codegen_arm64.h,447,AARCH64_JIT_AUDIT_FSCC_LIFECYCLE.md
emitter_api,SET_xxbit,unreviewed,SET_xxbit,60,10,BasiliskII/src/uae_cpu_2026/compiler/codegen_arm64.h,441,reachable encoder API; requires opcode/width/branch-range contract classification
emitter_api,SET_xxCflag,unreachable,SET_xxCflag,60,0,BasiliskII/src/uae_cpu_2026/compiler/codegen_arm64.h,437,no path from reachable AArch64 compiler/emitter roots
emitter_api,SET_xxVflag,unreviewed,SET_xxVflag,60,11,BasiliskII/src/uae_cpu_2026/compiler/codegen_arm64.h,436,reachable encoder API; requires opcode/width/branch-range contract classification
emitter_api,SET_xxZflag,unreviewed,SET_xxZflag,60,8,BasiliskII/src/uae_cpu_2026/compiler/codegen_arm64.h,435,reachable encoder API; requires opcode/width/branch-range contract classification
emitter_api,SMULH_xxx,unreachable,SMULH_xxx,60,0,BasiliskII/src/uae_cpu_2026/compiler/codegen_arm64.h,218,no path from reachable AArch64 compiler/emitter roots
emitter_api,SMULL_xww,unreviewed,SMULL_xww,60,6,BasiliskII/src/uae_cpu_2026/compiler/codegen_arm64.h,221,reachable encoder API; requires opcode/width/branch-range contract classification
emitter_api,STP_wwXi,unreviewed,STP_wwXi,60,1,BasiliskII/src/uae_cpu_2026/compiler/codegen_arm64.h,142,reachable encoder API; requires opcode/width/branch-range contract classification
emitter_api,STP_xxXi,unreviewed,STP_xxXi,60,1,BasiliskII/src/uae_cpu_2026/compiler/codegen_arm64.h,143,reachable encoder API; requires opcode/width/branch-range contract classification
emitter_api,STP_xxXpre,unreviewed,STP_xxXpre,60,2,BasiliskII/src/uae_cpu_2026/compiler/codegen_arm64.h,144,reachable encoder API; requires opcode/width/branch-range contract classification
emitter_api,STR_dXi,unreviewed,STR_dXi,60,3,BasiliskII/src/uae_cpu_2026/compiler/codegen_arm64.h,455,reachable encoder API; requires opcode/width/branch-range contract classification
emitter_api,STR_dXx,unreviewed,STR_dXx,60,1,BasiliskII/src/uae_cpu_2026/compiler/codegen_arm64.h,457,reachable encoder API; requires opcode/width/branch-range contract classification
emitter_api,STR_sXi,unreachable,STR_sXi,60,0,BasiliskII/src/uae_cpu_2026/compiler/codegen_arm64.h,456,no path from reachable AArch64 compiler/emitter roots
emitter_api,STR_wXi,unreviewed,STR_wXi,60,35,BasiliskII/src/uae_cpu_2026/compiler/codegen_arm64.h,145,reachable encoder API; requires opcode/width/branch-range contract classification
emitter_api,STR_wXx,unreviewed,STR_wXx,60,2,BasiliskII/src/uae_cpu_2026/compiler/codegen_arm64.h,148,reachable encoder API; requires opcode/width/branch-range contract classification
emitter_api,STR_wXxLSLi,unreviewed,STR_wXxLSLi,60,1,BasiliskII/src/uae_cpu_2026/compiler/codegen_arm64.h,151,reachable encoder API; requires opcode/width/branch-range contract classification
emitter_api,STR_xXi,unreviewed,STR_xXi,60,19,BasiliskII/src/uae_cpu_2026/compiler/codegen_arm64.h,146,reachable encoder API; requires opcode/width/branch-range contract classification
emitter_api,STR_xXpre,unreviewed,STR_xXpre,60,4,BasiliskII/src/uae_cpu_2026/compiler/codegen_arm64.h,147,reachable encoder API; requires opcode/width/branch-range contract classification
emitter_api,STR_xXx,unreachable,STR_xXx,60,0,BasiliskII/src/uae_cpu_2026/compiler/codegen_arm64.h,149,no path from reachable AArch64 compiler/emitter roots
emitter_api,STRB_wXi,unreachable,STRB_wXi,60,0,BasiliskII/src/uae_cpu_2026/compiler/codegen_arm64.h,152,no path from reachable AArch64 compiler/emitter roots
emitter_api,STRB_wXx,unreviewed,STRB_wXx,60,4,BasiliskII/src/uae_cpu_2026/compiler/codegen_arm64.h,153,reachable encoder API; requires opcode/width/branch-range contract classification
emitter_api,STRH_wXi,unreviewed,STRH_wXi,60,3,BasiliskII/src/uae_cpu_2026/compiler/codegen_arm64.h,154,reachable encoder API; requires opcode/width/branch-range contract classification
emitter_api,STRH_wXx,unreviewed,STRH_wXx,60,2,BasiliskII/src/uae_cpu_2026/compiler/codegen_arm64.h,155,reachable encoder API; requires opcode/width/branch-range contract classification
emitter_api,STUR_wXi,unreachable,STUR_wXi,60,0,BasiliskII/src/uae_cpu_2026/compiler/codegen_arm64.h,157,no path from reachable AArch64 compiler/emitter roots
emitter_api,STURH_wXi,unreachable,STURH_wXi,60,0,BasiliskII/src/uae_cpu_2026/compiler/codegen_arm64.h,158,no path from reachable AArch64 compiler/emitter roots
emitter_api,SUB_wwi,audited,SUB_wwi,80,35,BasiliskII/src/uae_cpu_2026/compiler/codegen_arm64.h,252,AARCH64_JIT_AUDIT_SUB_EMITTERS.md
emitter_api,SUB_www,audited,SUB_www,80,23,BasiliskII/src/uae_cpu_2026/compiler/codegen_arm64.h,254,AARCH64_JIT_AUDIT_SUB_EMITTERS.md
emitter_api,SUB_wwwEX,unreachable,SUB_wwwEX,80,0,BasiliskII/src/uae_cpu_2026/compiler/codegen_arm64.h,256,no path from reachable AArch64 compiler/emitter roots
emitter_api,SUB_xxi,audited,SUB_xxi,80,5,BasiliskII/src/uae_cpu_2026/compiler/codegen_arm64.h,253,AARCH64_JIT_AUDIT_SUB_EMITTERS.md
emitter_api,SUB_xxx,audited,SUB_xxx,80,3,BasiliskII/src/uae_cpu_2026/compiler/codegen_arm64.h,255,AARCH64_JIT_AUDIT_SUB_EMITTERS.md
emitter_api,SUBS_wwi,audited,SUBS_wwi,60,3,BasiliskII/src/uae_cpu_2026/compiler/codegen_arm64.h,257,AARCH64_JIT_AUDIT_SUB_EMITTERS.md
emitter_api,SUBS_wwish,unreachable,SUBS_wwish,60,0,BasiliskII/src/uae_cpu_2026/compiler/codegen_arm64.h,260,only used by unreachable sub_w_ri; configured DBcc uses dbcc_dec_w -> jnf_SUB_w_imm
emitter_api,SUBS_www,audited,SUBS_www,60,3,BasiliskII/src/uae_cpu_2026/compiler/codegen_arm64.h,262,AARCH64_JIT_AUDIT_SUB_EMITTERS.md
emitter_api,SUBS_wwwLSLi,audited,SUBS_wwwLSLi,60,3,BasiliskII/src/uae_cpu_2026/compiler/codegen_arm64.h,264,AARCH64_JIT_AUDIT_SUB_EMITTERS.md
emitter_api,SUBS_xxi,unreachable,SUBS_xxi,60,0,BasiliskII/src/uae_cpu_2026/compiler/codegen_arm64.h,258,no path from reachable AArch64 compiler/emitter roots
emitter_api,SUBS_xxish,unreachable,SUBS_xxish,60,0,BasiliskII/src/uae_cpu_2026/compiler/codegen_arm64.h,261,no path from reachable AArch64 compiler/emitter roots
emitter_api,SUBS_xxx,unreachable,SUBS_xxx,60,0,BasiliskII/src/uae_cpu_2026/compiler/codegen_arm64.h,263,no path from reachable AArch64 compiler/emitter roots
emitter_api,SUBS_xxxLSLi,unreachable,SUBS_xxxLSLi,60,0,BasiliskII/src/uae_cpu_2026/compiler/codegen_arm64.h,265,no path from reachable AArch64 compiler/emitter roots
emitter_api,SXTB_ww,unreviewed,SXTB_ww,60,1,BasiliskII/src/uae_cpu_2026/compiler/codegen_arm64.h,270,reachable encoder API; requires opcode/width/branch-range contract classification
emitter_api,SXTB_xx,unreviewed,SXTB_xx,60,2,BasiliskII/src/uae_cpu_2026/compiler/codegen_arm64.h,271,reachable encoder API; requires opcode/width/branch-range contract classification
emitter_api,SXTH_ww,unreviewed,SXTH_ww,60,3,BasiliskII/src/uae_cpu_2026/compiler/codegen_arm64.h,272,reachable encoder API; requires opcode/width/branch-range contract classification
emitter_api,SXTH_xx,unreviewed,SXTH_xx,60,2,BasiliskII/src/uae_cpu_2026/compiler/codegen_arm64.h,273,reachable encoder API; requires opcode/width/branch-range contract classification
emitter_api,SXTW_xw,unreviewed,SXTW_xw,60,18,BasiliskII/src/uae_cpu_2026/compiler/codegen_arm64.h,274,reachable encoder API; requires opcode/width/branch-range contract classification
emitter_api,TBNZ_wii,audited,TBNZ_wii,87,6,BasiliskII/src/uae_cpu_2026/compiler/codegen_arm64.h,110,AARCH64_JIT_AUDIT_BRANCH_EMITTERS.md
emitter_api,TBNZ_xii,unreachable,TBNZ_xii,87,0,BasiliskII/src/uae_cpu_2026/compiler/codegen_arm64.h,109,no path from reachable AArch64 compiler/emitter roots
emitter_api,TBZ_wii,audited,TBZ_wii,87,1,BasiliskII/src/uae_cpu_2026/compiler/codegen_arm64.h,112,AARCH64_JIT_AUDIT_BRANCH_EMITTERS.md
emitter_api,TBZ_xii,audited,TBZ_xii,87,15,BasiliskII/src/uae_cpu_2026/compiler/codegen_arm64.h,111,AARCH64_JIT_AUDIT_BRANCH_EMITTERS.md
emitter_api,TST_ww,unreviewed,TST_ww,60,136,BasiliskII/src/uae_cpu_2026/compiler/codegen_arm64.h,317,reachable encoder API; requires opcode/width/branch-range contract classification
emitter_api,TST_xx,unreviewed,TST_xx,60,4,BasiliskII/src/uae_cpu_2026/compiler/codegen_arm64.h,318,reachable encoder API; requires opcode/width/branch-range contract classification
emitter_api,UBFIZ_wwii,unreviewed,UBFIZ_wwii,60,3,BasiliskII/src/uae_cpu_2026/compiler/codegen_arm64.h,357,reachable encoder API; requires opcode/width/branch-range contract classification
emitter_api,UBFIZ_xxii,unreviewed,UBFIZ_xxii,60,26,BasiliskII/src/uae_cpu_2026/compiler/codegen_arm64.h,358,reachable encoder API; requires opcode/width/branch-range contract classification
emitter_api,UBFM_wwii,unreviewed,UBFM_wwii,60,2,BasiliskII/src/uae_cpu_2026/compiler/codegen_arm64.h,277,reachable encoder API; requires opcode/width/branch-range contract classification
emitter_api,UBFM_xxii,unreviewed,UBFM_xxii,60,2,BasiliskII/src/uae_cpu_2026/compiler/codegen_arm64.h,278,reachable encoder API; requires opcode/width/branch-range contract classification
emitter_api,UBFX_wwii,unreviewed,UBFX_wwii,60,11,BasiliskII/src/uae_cpu_2026/compiler/codegen_arm64.h,365,reachable encoder API; requires opcode/width/branch-range contract classification
emitter_api,UBFX_xxii,unreviewed,UBFX_xxii,60,25,BasiliskII/src/uae_cpu_2026/compiler/codegen_arm64.h,366,reachable encoder API; requires opcode/width/branch-range contract classification
emitter_api,UDIV_www,unreviewed,UDIV_www,60,3,BasiliskII/src/uae_cpu_2026/compiler/codegen_arm64.h,233,reachable encoder API; requires opcode/width/branch-range contract classification
emitter_api,UDIV_xxx,unreviewed,UDIV_xxx,60,3,BasiliskII/src/uae_cpu_2026/compiler/codegen_arm64.h,234,reachable encoder API; requires opcode/width/branch-range contract classification
emitter_api,UMULH_xxx,unreachable,UMULH_xxx,60,0,BasiliskII/src/uae_cpu_2026/compiler/codegen_arm64.h,219,no path from reachable AArch64 compiler/emitter roots
emitter_api,UMULL_xww,unreviewed,UMULL_xww,60,6,BasiliskII/src/uae_cpu_2026/compiler/codegen_arm64.h,222,reachable encoder API; requires opcode/width/branch-range contract classification
emitter_api,UXTB_ww,unreviewed,UXTB_ww,60,1,BasiliskII/src/uae_cpu_2026/compiler/codegen_arm64.h,279,reachable encoder API; requires opcode/width/branch-range contract classification
emitter_api,UXTB_xx,unreviewed,UXTB_xx,60,1,BasiliskII/src/uae_cpu_2026/compiler/codegen_arm64.h,280,reachable encoder API; requires opcode/width/branch-range contract classification
emitter_api,UXTH_ww,unreviewed,UXTH_ww,60,4,BasiliskII/src/uae_cpu_2026/compiler/codegen_arm64.h,281,reachable encoder API; requires opcode/width/branch-range contract classification
emitter_api,UXTH_xx,unreviewed,UXTH_xx,60,1,BasiliskII/src/uae_cpu_2026/compiler/codegen_arm64.h,282,reachable encoder API; requires opcode/width/branch-range contract classification
generator,i_ABCD,audited,ABCD,72,1,BasiliskII/src/uae_cpu_2026/compiler/gencomp.c,1747,BasiliskII/docs/AARCH64_JIT_AUDIT_BCD.md
generator,i_ADD,audited,ADD,80,1,BasiliskII/src/uae_cpu_2026/compiler/gencomp.c,1694,BasiliskII/docs/AARCH64_JIT_AUDIT_ADD_LIFECYCLE.md
generator,i_ADDA,audited,ADDA,72,1,BasiliskII/src/uae_cpu_2026/compiler/gencomp.c,1711,BasiliskII/docs/AARCH64_JIT_AUDIT_ADDA_LIFECYCLE.md
generator,i_ADDX,audited,ADDX,72,1,BasiliskII/src/uae_cpu_2026/compiler/gencomp.c,1735,BasiliskII/docs/AARCH64_JIT_AUDIT_ADDX_SUBX_CCR.md
generator,i_AND,audited,AND,80,2,BasiliskII/src/uae_cpu_2026/compiler/gencomp.c,1528,BasiliskII/docs/AARCH64_JIT_AUDIT_AND_LIFECYCLE.md
generator,i_ANDSR,audited,ANDSR,72,1,BasiliskII/src/uae_cpu_2026/compiler/gencomp.c,1593,BasiliskII/docs/AARCH64_JIT_AUDIT_ADDX_SUBX_CCR.md
generator,i_ASL,audited,ASL,72,1,BasiliskII/src/uae_cpu_2026/compiler/gencomp.c,2898,BasiliskII/docs/AARCH64_JIT_AUDIT_REGISTER_SHIFTS.md; AARCH64_JIT_AUDIT_MEMORY_SHIFTS_ROX.md
generator,i_ASLW,audited,ASLW,72,1,BasiliskII/src/uae_cpu_2026/compiler/gencomp.c,3372,BasiliskII/docs/AARCH64_JIT_AUDIT_REGISTER_SHIFTS.md; AARCH64_JIT_AUDIT_MEMORY_SHIFTS_ROX.md
generator,i_ASR,audited,ASR,72,1,BasiliskII/src/uae_cpu_2026/compiler/gencomp.c,2792,BasiliskII/docs/AARCH64_JIT_AUDIT_REGISTER_SHIFTS.md; AARCH64_JIT_AUDIT_MEMORY_SHIFTS_ROX.md
generator,i_ASRW,audited,ASRW,72,1,BasiliskII/src/uae_cpu_2026/compiler/gencomp.c,3355,BasiliskII/docs/AARCH64_JIT_AUDIT_REGISTER_SHIFTS.md; AARCH64_JIT_AUDIT_MEMORY_SHIFTS_ROX.md
generator,i_Bcc,audited,Bcc,72,1,BasiliskII/src/uae_cpu_2026/compiler/gencomp.c,2401,BasiliskII/docs/AARCH64_JIT_AUDIT_BCC_LIFECYCLE.md
generator,i_BCHG,audited,BCHG,90,2,BasiliskII/src/uae_cpu_2026/compiler/gencomp.c,1887,BasiliskII/docs/AARCH64_JIT_AUDIT_CLASSIC_BITOPS.md
generator,i_BCLR,audited,BCLR,90,2,BasiliskII/src/uae_cpu_2026/compiler/gencomp.c,1888,BasiliskII/docs/AARCH64_JIT_AUDIT_CLASSIC_BITOPS.md
generator,i_BFCHG,serviced,BFCHG,72,1,BasiliskII/src/uae_cpu_2026/compiler/gencomp.c,3697,post-registration or generated ordered semantic-service table; AARCH64_JIT_AUDIT_ORDERED_SEMANTIC_SERVICES.md
generator,i_BFCLR,serviced,BFCLR,72,1,BasiliskII/src/uae_cpu_2026/compiler/gencomp.c,3699,post-registration or generated ordered semantic-service table; AARCH64_JIT_AUDIT_ORDERED_SEMANTIC_SERVICES.md
generator,i_BFEXTS,serviced,BFEXTS,72,1,BasiliskII/src/uae_cpu_2026/compiler/gencomp.c,3698,post-registration or generated ordered semantic-service table; AARCH64_JIT_AUDIT_ORDERED_SEMANTIC_SERVICES.md
generator,i_BFEXTU,serviced,BFEXTU,72,1,BasiliskII/src/uae_cpu_2026/compiler/gencomp.c,3696,post-registration or generated ordered semantic-service table; AARCH64_JIT_AUDIT_ORDERED_SEMANTIC_SERVICES.md
generator,i_BFFFO,serviced,BFFFO,72,1,BasiliskII/src/uae_cpu_2026/compiler/gencomp.c,3700,post-registration or generated ordered semantic-service table; AARCH64_JIT_AUDIT_ORDERED_SEMANTIC_SERVICES.md
generator,i_BFINS,serviced,BFINS,72,1,BasiliskII/src/uae_cpu_2026/compiler/gencomp.c,3702,post-registration or generated ordered semantic-service table; AARCH64_JIT_AUDIT_ORDERED_SEMANTIC_SERVICES.md
generator,i_BFSET,serviced,BFSET,72,1,BasiliskII/src/uae_cpu_2026/compiler/gencomp.c,3701,post-registration or generated ordered semantic-service table; AARCH64_JIT_AUDIT_ORDERED_SEMANTIC_SERVICES.md
generator,i_BFTST,serviced,BFTST,72,1,BasiliskII/src/uae_cpu_2026/compiler/gencomp.c,3694,post-registration or generated ordered semantic-service table; AARCH64_JIT_AUDIT_ORDERED_SEMANTIC_SERVICES.md
generator,i_BKPT,serviced,BKPT,72,1,BasiliskII/src/uae_cpu_2026/compiler/gencomp.c,3504,post-registration or generated ordered semantic-service table; AARCH64_JIT_AUDIT_ORDERED_SEMANTIC_SERVICES.md
generator,i_BSET,audited,BSET,90,2,BasiliskII/src/uae_cpu_2026/compiler/gencomp.c,1889,BasiliskII/docs/AARCH64_JIT_AUDIT_CLASSIC_BITOPS.md
generator,i_BSR,serviced,BSR,72,1,BasiliskII/src/uae_cpu_2026/compiler/gencomp.c,2372,post-registration or generated ordered semantic-service table; AARCH64_JIT_AUDIT_ORDERED_SEMANTIC_SERVICES.md
generator,i_BTST,audited,BTST,90,2,BasiliskII/src/uae_cpu_2026/compiler/gencomp.c,1890,BasiliskII/docs/AARCH64_JIT_AUDIT_CLASSIC_BITOPS.md
generator,i_CALLM,serviced,CALLM,72,1,BasiliskII/src/uae_cpu_2026/compiler/gencomp.c,3509,post-registration or generated ordered semantic-service table; AARCH64_JIT_AUDIT_ORDERED_SEMANTIC_SERVICES.md
generator,i_CAS,serviced,CAS,72,1,BasiliskII/src/uae_cpu_2026/compiler/gencomp.c,3490,post-registration or generated ordered semantic-service table; AARCH64_JIT_AUDIT_ORDERED_SEMANTIC_SERVICES.md
generator,i_CAS2,serviced,CAS2,72,1,BasiliskII/src/uae_cpu_2026/compiler/gencomp.c,3494,post-registration or generated ordered semantic-service table; AARCH64_JIT_AUDIT_ORDERED_SEMANTIC_SERVICES.md
generator,i_CHK,audited,CHK,72,1,BasiliskII/src/uae_cpu_2026/compiler/gencomp.c,2750,BasiliskII/docs/AARCH64_JIT_AUDIT_CHK_EXCEPTIONS.md
generator,i_CHK2,serviced,CHK2,72,1,BasiliskII/src/uae_cpu_2026/compiler/gencomp.c,2769,post-registration or generated ordered semantic-service table; AARCH64_JIT_AUDIT_ORDERED_SEMANTIC_SERVICES.md
generator,i_CINVA,serviced,CINVA,72,1,BasiliskII/src/uae_cpu_2026/compiler/gencomp.c,3831,post-registration or generated ordered semantic-service table; AARCH64_JIT_AUDIT_ORDERED_SEMANTIC_SERVICES.md
generator,i_CINVL,serviced,CINVL,72,1,BasiliskII/src/uae_cpu_2026/compiler/gencomp.c,3828,post-registration or generated ordered semantic-service table; AARCH64_JIT_AUDIT_ORDERED_SEMANTIC_SERVICES.md
generator,i_CINVP,serviced,CINVP,72,1,BasiliskII/src/uae_cpu_2026/compiler/gencomp.c,3830,post-registration or generated ordered semantic-service table; AARCH64_JIT_AUDIT_ORDERED_SEMANTIC_SERVICES.md
generator,i_CLR,audited,CLR,72,1,BasiliskII/src/uae_cpu_2026/compiler/gencomp.c,1844,BasiliskII/docs/AARCH64_JIT_AUDIT_CLR_LIFECYCLE.md
generator,i_CMP,audited,CMP,88,1,BasiliskII/src/uae_cpu_2026/compiler/gencomp.c,1972,BasiliskII/docs/AARCH64_JIT_AUDIT_COMPARE_LIFECYCLE.md
generator,i_CMPA,audited,CMPA,88,1,BasiliskII/src/uae_cpu_2026/compiler/gencomp.c,1987,BasiliskII/docs/AARCH64_JIT_AUDIT_COMPARE_LIFECYCLE.md
generator,i_CMPM,audited,CMPM,72,1,BasiliskII/src/uae_cpu_2026/compiler/gencomp.c,1970,BasiliskII/docs/AARCH64_JIT_AUDIT_COMPARE_LIFECYCLE.md
generator,i_CPUSHA,serviced,CPUSHA,72,1,BasiliskII/src/uae_cpu_2026/compiler/gencomp.c,3842,post-registration or generated ordered semantic-service table; AARCH64_JIT_AUDIT_ORDERED_SEMANTIC_SERVICES.md
generator,i_CPUSHL,serviced,CPUSHL,72,1,BasiliskII/src/uae_cpu_2026/compiler/gencomp.c,3839,post-registration or generated ordered semantic-service table; AARCH64_JIT_AUDIT_ORDERED_SEMANTIC_SERVICES.md
generator,i_CPUSHP,serviced,CPUSHP,72,1,BasiliskII/src/uae_cpu_2026/compiler/gencomp.c,3841,post-registration or generated ordered semantic-service table; AARCH64_JIT_AUDIT_ORDERED_SEMANTIC_SERVICES.md
generator,i_DBcc,audited,DBcc,92,1,BasiliskII/src/uae_cpu_2026/compiler/gencomp.c,2504,BasiliskII/docs/AARCH64_JIT_AUDIT_DBCC_SCC_LIFECYCLE.md
generator,i_DIVL,audited,DIVL,72,1,BasiliskII/src/uae_cpu_2026/compiler/gencomp.c,3524,BasiliskII/docs/AARCH64_JIT_AUDIT_DIVISION_LIFECYCLE.md
generator,i_DIVS,audited,DIVS,72,1,BasiliskII/src/uae_cpu_2026/compiler/gencomp.c,2706,BasiliskII/docs/AARCH64_JIT_AUDIT_DIVISION_LIFECYCLE.md
generator,i_DIVU,audited,DIVU,72,1,BasiliskII/src/uae_cpu_2026/compiler/gencomp.c,2690,BasiliskII/docs/AARCH64_JIT_AUDIT_DIVISION_LIFECYCLE.md
generator,i_EMULOP,serviced,EMULOP,72,1,BasiliskII/src/uae_cpu_2026/compiler/gencomp.c,3876,post-registration or generated ordered semantic-service table; AARCH64_JIT_AUDIT_ORDERED_SEMANTIC_SERVICES.md
generator,i_EMULOP_RETURN,serviced,EMULOP_RETURN,72,1,BasiliskII/src/uae_cpu_2026/compiler/gencomp.c,3872,post-registration or generated ordered semantic-service table; AARCH64_JIT_AUDIT_ORDERED_SEMANTIC_SERVICES.md
generator,i_EOR,audited,EOR,80,2,BasiliskII/src/uae_cpu_2026/compiler/gencomp.c,1529,BasiliskII/docs/AARCH64_JIT_AUDIT_EOR_LIFECYCLE.md
generator,i_EORSR,audited,EORSR,72,1,BasiliskII/src/uae_cpu_2026/compiler/gencomp.c,1573,BasiliskII/docs/AARCH64_JIT_AUDIT_ADDX_SUBX_CCR.md
generator,i_EXG,audited,EXG,72,1,BasiliskII/src/uae_cpu_2026/compiler/gencomp.c,2125,BasiliskII/docs/AARCH64_JIT_AUDIT_EXG_LIFECYCLE.md
generator,i_EXT,audited,EXT,72,1,BasiliskII/src/uae_cpu_2026/compiler/gencomp.c,2138,BasiliskII/docs/AARCH64_JIT_AUDIT_EXT_LIFECYCLE.md
generator,i_FBcc,audited,FBcc,72,1,BasiliskII/src/uae_cpu_2026/compiler/gencomp.c,3774,BasiliskII/docs/AARCH64_JIT_AUDIT_FBCC_LIFECYCLE.md
generator,i_FDBcc,serviced,FDBcc,72,1,BasiliskII/src/uae_cpu_2026/compiler/gencomp.c,3790,post-registration or generated ordered semantic-service table; AARCH64_JIT_AUDIT_ORDERED_SEMANTIC_SERVICES.md
generator,i_FPP,audited,FPP,72,1,BasiliskII/src/uae_cpu_2026/compiler/gencomp.c,3759,BasiliskII/docs/AARCH64_JIT_AUDIT_FPP_LIFECYCLE.md
generator,i_FRESTORE,serviced,FRESTORE,72,1,BasiliskII/src/uae_cpu_2026/compiler/gencomp.c,3823,post-registration or generated ordered semantic-service table; AARCH64_JIT_AUDIT_ORDERED_SEMANTIC_SERVICES.md
generator,i_FSAVE,serviced,FSAVE,72,1,BasiliskII/src/uae_cpu_2026/compiler/gencomp.c,3818,post-registration or generated ordered semantic-service table; AARCH64_JIT_AUDIT_ORDERED_SEMANTIC_SERVICES.md
generator,i_FScc,audited,FScc,72,1,BasiliskII/src/uae_cpu_2026/compiler/gencomp.c,3796,BasiliskII/docs/AARCH64_JIT_AUDIT_FSCC_LIFECYCLE.md
generator,i_FTRAPcc,serviced,FTRAPcc,72,1,BasiliskII/src/uae_cpu_2026/compiler/gencomp.c,3812,post-registration or generated ordered semantic-service table; AARCH64_JIT_AUDIT_ORDERED_SEMANTIC_SERVICES.md
generator,i_JMP,audited,JMP,72,1,BasiliskII/src/uae_cpu_2026/compiler/gencomp.c,2358,BasiliskII/docs/AARCH64_JIT_AUDIT_CONTROL_ADDRESS_LIFECYCLE.md
generator,i_JSR,audited,JSR,72,1,BasiliskII/src/uae_cpu_2026/compiler/gencomp.c,2333,BasiliskII/docs/AARCH64_JIT_AUDIT_CONTROL_ADDRESS_LIFECYCLE.md
generator,i_LEA,audited,LEA,72,1,BasiliskII/src/uae_cpu_2026/compiler/gencomp.c,2478,BasiliskII/docs/AARCH64_JIT_AUDIT_CONTROL_ADDRESS_LIFECYCLE.md
generator,i_LINK,audited,LINK,72,1,BasiliskII/src/uae_cpu_2026/compiler/gencomp.c,2246,BasiliskII/docs/AARCH64_JIT_AUDIT_CONTROL_ADDRESS_LIFECYCLE.md
generator,i_LPSTOP,unreachable,LPSTOP,72,1,BasiliskII/src/uae_cpu_2026/compiler/gencomp.c,3865,inactive UAE-only generator label; no configured Unix opcode/provider; AARCH64_JIT_AUDIT_MMU_UNREACHABLE.md
generator,i_LSL,audited,LSL,72,1,BasiliskII/src/uae_cpu_2026/compiler/gencomp.c,3091,BasiliskII/docs/AARCH64_JIT_AUDIT_REGISTER_SHIFTS.md; AARCH64_JIT_AUDIT_MEMORY_SHIFTS_ROX.md
generator,i_LSLW,audited,LSLW,72,1,BasiliskII/src/uae_cpu_2026/compiler/gencomp.c,3406,BasiliskII/docs/AARCH64_JIT_AUDIT_REGISTER_SHIFTS.md; AARCH64_JIT_AUDIT_MEMORY_SHIFTS_ROX.md
generator,i_LSR,audited,LSR,72,1,BasiliskII/src/uae_cpu_2026/compiler/gencomp.c,3003,BasiliskII/docs/AARCH64_JIT_AUDIT_REGISTER_SHIFTS.md; AARCH64_JIT_AUDIT_MEMORY_SHIFTS_ROX.md
generator,i_LSRW,audited,LSRW,72,1,BasiliskII/src/uae_cpu_2026/compiler/gencomp.c,3389,BasiliskII/docs/AARCH64_JIT_AUDIT_REGISTER_SHIFTS.md; AARCH64_JIT_AUDIT_MEMORY_SHIFTS_ROX.md
generator,i_MMUOP,unreachable,MMUOP,72,1,BasiliskII/src/uae_cpu_2026/compiler/gencomp.c,3885,historical ARAnyM generator label; no configured BasiliskII opcode/provider; AARCH64_JIT_AUDIT_MMU_UNREACHABLE.md
generator,i_MMUOP030,unreachable,MMUOP030,72,1,BasiliskII/src/uae_cpu_2026/compiler/gencomp.c,3856,inactive UAE-only generator label; no configured Unix opcode/provider; AARCH64_JIT_AUDIT_MMU_UNREACHABLE.md
generator,i_MOVE,audited,MOVE,94,1,BasiliskII/src/uae_cpu_2026/compiler/gencomp.c,2046,BasiliskII/docs/AARCH64_JIT_AUDIT_MOVE_LIFECYCLE.md
generator,i_MOVE16,audited,MOVE16,94,1,BasiliskII/src/uae_cpu_2026/compiler/gencomp.c,3847,BasiliskII/docs/AARCH64_JIT_AUDIT_MOVE_LIFECYCLE.md
generator,i_MOVE2C,serviced,MOVE2C,72,1,BasiliskII/src/uae_cpu_2026/compiler/gencomp.c,3485,post-registration or generated ordered semantic-service table; AARCH64_JIT_AUDIT_ORDERED_SEMANTIC_SERVICES.md
generator,i_MOVEA,audited,MOVEA,94,1,BasiliskII/src/uae_cpu_2026/compiler/gencomp.c,2074,BasiliskII/docs/AARCH64_JIT_AUDIT_MOVE_LIFECYCLE.md
generator,i_MOVEC2,serviced,MOVEC2,72,1,BasiliskII/src/uae_cpu_2026/compiler/gencomp.c,3483,post-registration or generated ordered semantic-service table; AARCH64_JIT_AUDIT_ORDERED_SEMANTIC_SERVICES.md
generator,i_MOVES,serviced,MOVES,72,1,BasiliskII/src/uae_cpu_2026/compiler/gencomp.c,3498,post-registration or generated ordered semantic-service table; AARCH64_JIT_AUDIT_ORDERED_SEMANTIC_SERVICES.md
generator,i_MULL,audited,MULL,72,1,BasiliskII/src/uae_cpu_2026/compiler/gencomp.c,3592,BasiliskII/docs/AARCH64_JIT_AUDIT_MULL_LIFECYCLE.md
generator,i_MULS,audited,MULS,72,1,BasiliskII/src/uae_cpu_2026/compiler/gencomp.c,2737,BasiliskII/docs/AARCH64_JIT_AUDIT_INTEGER_TAIL_LIFECYCLES.md
generator,i_MULU,audited,MULU,72,1,BasiliskII/src/uae_cpu_2026/compiler/gencomp.c,2722,BasiliskII/docs/AARCH64_JIT_AUDIT_INTEGER_TAIL_LIFECYCLES.md
generator,i_MV2SR,serviced,MV2SR,72,1,BasiliskII/src/uae_cpu_2026/compiler/gencomp.c,2096,post-registration or generated ordered semantic-service table; AARCH64_JIT_AUDIT_ORDERED_SEMANTIC_SERVICES.md
generator,i_MVMEL,audited,MVMEL,100,1,BasiliskII/src/uae_cpu_2026/compiler/gencomp.c,2168,BasiliskII/docs/AARCH64_JIT_AUDIT_MOVEM_LIFECYCLE.md
generator,i_MVMLE,audited,MVMLE,100,1,BasiliskII/src/uae_cpu_2026/compiler/gencomp.c,2175,BasiliskII/docs/AARCH64_JIT_AUDIT_MOVEM_LIFECYCLE.md
generator,i_MVPMR,serviced,MVPMR,72,1,BasiliskII/src/uae_cpu_2026/compiler/gencomp.c,2029,post-registration or generated ordered semantic-service table; AARCH64_JIT_AUDIT_ORDERED_SEMANTIC_SERVICES.md
generator,i_MVPRM,serviced,MVPRM,72,1,BasiliskII/src/uae_cpu_2026/compiler/gencomp.c,2011,post-registration or generated ordered semantic-service table; AARCH64_JIT_AUDIT_ORDERED_SEMANTIC_SERVICES.md
generator,i_MVR2USP,serviced,MVR2USP,72,1,BasiliskII/src/uae_cpu_2026/compiler/gencomp.c,2211,post-registration or generated ordered semantic-service table; AARCH64_JIT_AUDIT_ORDERED_SEMANTIC_SERVICES.md
generator,i_MVSR2,serviced,MVSR2,72,1,BasiliskII/src/uae_cpu_2026/compiler/gencomp.c,2090,post-registration or generated ordered semantic-service table; AARCH64_JIT_AUDIT_ORDERED_SEMANTIC_SERVICES.md
generator,i_MVUSP2R,serviced,MVUSP2R,72,1,BasiliskII/src/uae_cpu_2026/compiler/gencomp.c,2213,post-registration or generated ordered semantic-service table; AARCH64_JIT_AUDIT_ORDERED_SEMANTIC_SERVICES.md
generator,i_NBCD,audited,NBCD,72,1,BasiliskII/src/uae_cpu_2026/compiler/gencomp.c,1817,BasiliskII/docs/AARCH64_JIT_AUDIT_BCD.md
generator,i_NEG,audited,NEG,88,1,BasiliskII/src/uae_cpu_2026/compiler/gencomp.c,1778,BasiliskII/docs/AARCH64_JIT_AUDIT_NEG_LIFECYCLE.md
generator,i_NEGX,audited,NEGX,97,1,BasiliskII/src/uae_cpu_2026/compiler/gencomp.c,1798,BasiliskII/docs/AARCH64_JIT_AUDIT_NEGX_LIFECYCLE.md
generator,i_NOP,audited,NOP,72,1,BasiliskII/src/uae_cpu_2026/compiler/gencomp.c,2224,BasiliskII/docs/AARCH64_JIT_AUDIT_CONTROL_ADDRESS_LIFECYCLE.md
generator,i_NOT,audited,NOT,72,1,BasiliskII/src/uae_cpu_2026/compiler/gencomp.c,1860,BasiliskII/docs/AARCH64_JIT_AUDIT_INTEGER_TAIL_LIFECYCLES.md
generator,i_OR,audited,OR,80,2,BasiliskII/src/uae_cpu_2026/compiler/gencomp.c,1527,BasiliskII/docs/AARCH64_JIT_AUDIT_OR_LIFECYCLE.md
generator,i_ORSR,audited,ORSR,72,1,BasiliskII/src/uae_cpu_2026/compiler/gencomp.c,1550,BasiliskII/docs/AARCH64_JIT_AUDIT_ADDX_SUBX_CCR.md
generator,i_PACK,serviced,PACK,72,1,BasiliskII/src/uae_cpu_2026/compiler/gencomp.c,3708,post-registration or generated ordered semantic-service table; AARCH64_JIT_AUDIT_ORDERED_SEMANTIC_SERVICES.md
generator,i_PEA,audited,PEA,72,1,BasiliskII/src/uae_cpu_2026/compiler/gencomp.c,2487,BasiliskII/docs/AARCH64_JIT_AUDIT_CONTROL_ADDRESS_LIFECYCLE.md
generator,i_PFLUSH,unreachable,PFLUSH,72,1,BasiliskII/src/uae_cpu_2026/compiler/gencomp.c,3858,inactive UAE-only generator label; no configured Unix opcode/provider; AARCH64_JIT_AUDIT_MMU_UNREACHABLE.md
generator,i_PFLUSHA,unreachable,PFLUSHA,72,1,BasiliskII/src/uae_cpu_2026/compiler/gencomp.c,3860,inactive UAE-only generator label; no configured Unix opcode/provider; AARCH64_JIT_AUDIT_MMU_UNREACHABLE.md
generator,i_PFLUSHAN,unreachable,PFLUSHAN,72,1,BasiliskII/src/uae_cpu_2026/compiler/gencomp.c,3859,inactive UAE-only generator label; no configured Unix opcode/provider; AARCH64_JIT_AUDIT_MMU_UNREACHABLE.md
generator,i_PFLUSHN,unreachable,PFLUSHN,72,1,BasiliskII/src/uae_cpu_2026/compiler/gencomp.c,3857,inactive UAE-only generator label; no configured Unix opcode/provider; AARCH64_JIT_AUDIT_MMU_UNREACHABLE.md
generator,i_PLPAR,unreachable,PLPAR,72,1,BasiliskII/src/uae_cpu_2026/compiler/gencomp.c,3861,inactive UAE-only generator label; no configured Unix opcode/provider; AARCH64_JIT_AUDIT_MMU_UNREACHABLE.md
generator,i_PLPAW,unreachable,PLPAW,72,1,BasiliskII/src/uae_cpu_2026/compiler/gencomp.c,3862,inactive UAE-only generator label; no configured Unix opcode/provider; AARCH64_JIT_AUDIT_MMU_UNREACHABLE.md
generator,i_PTESTR,unreachable,PTESTR,72,1,BasiliskII/src/uae_cpu_2026/compiler/gencomp.c,3863,inactive UAE-only generator label; no configured Unix opcode/provider; AARCH64_JIT_AUDIT_MMU_UNREACHABLE.md
generator,i_PTESTW,unreachable,PTESTW,72,1,BasiliskII/src/uae_cpu_2026/compiler/gencomp.c,3864,inactive UAE-only generator label; no configured Unix opcode/provider; AARCH64_JIT_AUDIT_MMU_UNREACHABLE.md
generator,i_RESET,serviced,RESET,72,1,BasiliskII/src/uae_cpu_2026/compiler/gencomp.c,2214,post-registration or generated ordered semantic-service table; AARCH64_JIT_AUDIT_ORDERED_SEMANTIC_SERVICES.md
generator,i_ROL,audited,ROL,72,1,BasiliskII/src/uae_cpu_2026/compiler/gencomp.c,3180,BasiliskII/docs/AARCH64_JIT_AUDIT_ROTATES.md
generator,i_ROLW,audited,ROLW,72,1,BasiliskII/src/uae_cpu_2026/compiler/gencomp.c,3423,BasiliskII/docs/AARCH64_JIT_AUDIT_ROTATES.md
generator,i_ROR,audited,ROR,72,1,BasiliskII/src/uae_cpu_2026/compiler/gencomp.c,3239,BasiliskII/docs/AARCH64_JIT_AUDIT_ROTATES.md
generator,i_RORW,audited,RORW,72,1,BasiliskII/src/uae_cpu_2026/compiler/gencomp.c,3440,BasiliskII/docs/AARCH64_JIT_AUDIT_ROTATES.md
generator,i_ROXL,audited,ROXL,72,1,BasiliskII/src/uae_cpu_2026/compiler/gencomp.c,3302,BasiliskII/docs/AARCH64_JIT_AUDIT_ROTATES.md; AARCH64_JIT_AUDIT_MEMORY_SHIFTS_ROX.md
generator,i_ROXLW,audited,ROXLW,72,1,BasiliskII/src/uae_cpu_2026/compiler/gencomp.c,3457,BasiliskII/docs/AARCH64_JIT_AUDIT_ROTATES.md; AARCH64_JIT_AUDIT_MEMORY_SHIFTS_ROX.md
generator,i_ROXR,audited,ROXR,72,1,BasiliskII/src/uae_cpu_2026/compiler/gencomp.c,3321,BasiliskII/docs/AARCH64_JIT_AUDIT_ROTATES.md; AARCH64_JIT_AUDIT_MEMORY_SHIFTS_ROX.md
generator,i_ROXRW,audited,ROXRW,72,1,BasiliskII/src/uae_cpu_2026/compiler/gencomp.c,3470,BasiliskII/docs/AARCH64_JIT_AUDIT_ROTATES.md; AARCH64_JIT_AUDIT_MEMORY_SHIFTS_ROX.md
generator,i_RTD,audited,RTD,72,1,BasiliskII/src/uae_cpu_2026/compiler/gencomp.c,2227,BasiliskII/docs/AARCH64_JIT_AUDIT_CONTROL_ADDRESS_LIFECYCLE.md
generator,i_RTE,serviced,RTE,72,1,BasiliskII/src/uae_cpu_2026/compiler/gencomp.c,2216,post-registration or generated ordered semantic-service table; AARCH64_JIT_AUDIT_ORDERED_SEMANTIC_SERVICES.md
generator,i_RTM,serviced,RTM,72,1,BasiliskII/src/uae_cpu_2026/compiler/gencomp.c,3514,post-registration or generated ordered semantic-service table; AARCH64_JIT_AUDIT_ORDERED_SEMANTIC_SERVICES.md
generator,i_RTR,audited,RTR,72,1,BasiliskII/src/uae_cpu_2026/compiler/gencomp.c,2308,BasiliskII/docs/AARCH64_JIT_AUDIT_CONTROL_ADDRESS_LIFECYCLE.md
generator,i_RTS,serviced,RTS,72,1,BasiliskII/src/uae_cpu_2026/compiler/gencomp.c,2280,post-registration or generated ordered semantic-service table; AARCH64_JIT_AUDIT_ORDERED_SEMANTIC_SERVICES.md
generator,i_SBCD,audited,SBCD,72,1,BasiliskII/src/uae_cpu_2026/compiler/gencomp.c,1664,BasiliskII/docs/AARCH64_JIT_AUDIT_BCD.md
generator,i_Scc,audited,Scc,92,1,BasiliskII/src/uae_cpu_2026/compiler/gencomp.c,2665,BasiliskII/docs/AARCH64_JIT_AUDIT_DBCC_SCC_LIFECYCLE.md
generator,i_STOP,serviced,STOP,72,1,BasiliskII/src/uae_cpu_2026/compiler/gencomp.c,2215,post-registration or generated ordered semantic-service table; AARCH64_JIT_AUDIT_ORDERED_SEMANTIC_SERVICES.md
generator,i_SUB,audited,SUB,80,1,BasiliskII/src/uae_cpu_2026/compiler/gencomp.c,1613,BasiliskII/docs/AARCH64_JIT_AUDIT_SUB_LIFECYCLE.md
generator,i_SUBA,audited,SUBA,72,1,BasiliskII/src/uae_cpu_2026/compiler/gencomp.c,1630,BasiliskII/docs/AARCH64_JIT_AUDIT_INTEGER_TAIL_LIFECYCLES.md
generator,i_SUBX,audited,SUBX,72,1,BasiliskII/src/uae_cpu_2026/compiler/gencomp.c,1653,BasiliskII/docs/AARCH64_JIT_AUDIT_ADDX_SUBX_CCR.md
generator,i_SWAP,audited,SWAP,72,1,BasiliskII/src/uae_cpu_2026/compiler/gencomp.c,2114,BasiliskII/docs/AARCH64_JIT_AUDIT_INTEGER_TAIL_LIFECYCLES.md
generator,i_TAS,audited,TAS,97,1,BasiliskII/src/uae_cpu_2026/compiler/gencomp.c,3739,BasiliskII/docs/AARCH64_JIT_AUDIT_TAS_LIFECYCLE.md
generator,i_TRAP,serviced,TRAP,72,1,BasiliskII/src/uae_cpu_2026/compiler/gencomp.c,2182,post-registration or generated ordered semantic-service table; AARCH64_JIT_AUDIT_ORDERED_SEMANTIC_SERVICES.md
generator,i_TRAPcc,serviced,TRAPcc,72,1,BasiliskII/src/uae_cpu_2026/compiler/gencomp.c,3519,post-registration or generated ordered semantic-service table; AARCH64_JIT_AUDIT_ORDERED_SEMANTIC_SERVICES.md
generator,i_TRAPV,audited,TRAPV,72,1,BasiliskII/src/uae_cpu_2026/compiler/gencomp.c,2296,BasiliskII/docs/AARCH64_JIT_AUDIT_DIVISION_LIFECYCLE.md
generator,i_TST,audited,TST,72,1,BasiliskII/src/uae_cpu_2026/compiler/gencomp.c,1879,BasiliskII/docs/AARCH64_JIT_AUDIT_INTEGER_TAIL_LIFECYCLES.md
generator,i_UNLK,audited,UNLK,72,1,BasiliskII/src/uae_cpu_2026/compiler/gencomp.c,2266,BasiliskII/docs/AARCH64_JIT_AUDIT_CONTROL_ADDRESS_LIFECYCLE.md
generator,i_UNPK,serviced,UNPK,72,1,BasiliskII/src/uae_cpu_2026/compiler/gencomp.c,3725,post-registration or generated ordered semantic-service table; AARCH64_JIT_AUDIT_ORDERED_SEMANTIC_SERVICES.md
midfunc,arm_ADD_l,audited,arm_ADD,68,2,BasiliskII/src/uae_cpu_2026/compiler/compemu_midfunc_arm64.cpp,594,BasiliskII/docs/AARCH64_JIT_AUDIT_AREA5_VALUE_AND_POINTER_CONTRACTS.md
midfunc,arm_ADD_l_ri,audited,arm_ADD_l_ri,68,5,BasiliskII/src/uae_cpu_2026/compiler/compemu_midfunc_arm64.cpp,690,BasiliskII/docs/AARCH64_JIT_AUDIT_AREA5_VALUE_AND_POINTER_CONTRACTS.md
midfunc,arm_ADD_l_ri_hostptr,audited,arm_ADD_l_ri_hostptr,68,122,BasiliskII/src/uae_cpu_2026/compiler/compemu_midfunc_arm64.cpp,651,BasiliskII/docs/AARCH64_JIT_AUDIT_AREA5_VALUE_AND_POINTER_CONTRACTS.md
midfunc,arm_ADD_l_ri8,unreachable,arm_ADD_l_ri8,68,0,BasiliskII/src/uae_cpu_2026/compiler/compemu_midfunc_arm64.cpp,711,no path from configured generated/support/FPU compiler roots
midfunc,arm_ADD_ldiv8,unreachable,arm_ADD_ldiv8,68,0,BasiliskII/src/uae_cpu_2026/compiler/compemu_midfunc_arm64.cpp,632,no path from configured generated/support/FPU compiler roots
midfunc,arm_ADD_ptr_ri,audited,arm_ADD_ptr_ri,68,247,BasiliskII/src/uae_cpu_2026/compiler/compemu_midfunc_arm64.cpp,667,BasiliskII/docs/AARCH64_JIT_AUDIT_AREA5_VALUE_AND_POINTER_CONTRACTS.md
midfunc,arm_SUB_l_ri8,unreachable,arm_SUB_l_ri8,68,0,BasiliskII/src/uae_cpu_2026/compiler/compemu_midfunc_arm64.cpp,734,no path from configured generated/support/FPU compiler roots
midfunc,call_helper,audited,call_helper,68,42,BasiliskII/src/uae_cpu_2026/compiler/compemu_midfunc_arm64.cpp,1424,BasiliskII/docs/AARCH64_JIT_AUDIT_AREA4_CALLS_AND_ALLOCATOR.md
midfunc,dbcc_cond_move_ne_w,audited,dbcc_cond_move_ne,68,30,BasiliskII/src/uae_cpu_2026/compiler/compemu_midfunc_arm64.cpp,1399,BasiliskII/docs/AARCH64_JIT_AUDIT_DBCC_SCC_LIFECYCLE.md
midfunc,dbf_dec_test_ne_w,audited,dbf_dec_test_ne,68,2,BasiliskII/src/uae_cpu_2026/compiler/compemu_midfunc_arm64.cpp,1385,BasiliskII/docs/AARCH64_JIT_AUDIT_DBCC_SCC_LIFECYCLE.md
midfunc,discard_flags_in_nzcv,audited,discard_flags_in_nzcv,68,33,BasiliskII/src/uae_cpu_2026/compiler/compemu_midfunc_arm64.cpp,184,BasiliskII/docs/AARCH64_JIT_AUDIT_AREA3_FLAGS_LIVENESS.md
midfunc,disp_ea20_target_add,audited,disp_ea20_target_add,68,1,BasiliskII/src/uae_cpu_2026/compiler/compemu_midfunc_arm64.cpp,243,BasiliskII/docs/AARCH64_JIT_AUDIT_AREA5_VALUE_AND_POINTER_CONTRACTS.md
midfunc,disp_ea20_target_mov,audited,disp_ea20_target_mov,68,1,BasiliskII/src/uae_cpu_2026/compiler/compemu_midfunc_arm64.cpp,268,BasiliskII/docs/AARCH64_JIT_AUDIT_AREA5_VALUE_AND_POINTER_CONTRACTS.md
midfunc,dont_care_fflags,audited,dont_care_fflags,68,32,BasiliskII/src/uae_cpu_2026/compiler/compemu_midfunc_arm64.cpp,863,BasiliskII/docs/AARCH64_JIT_AUDIT_DONT_CARE_FFLAGS.md
midfunc,dont_care_flags,audited,dont_care_flags,68,2112,BasiliskII/src/uae_cpu_2026/compiler/compemu_midfunc_arm64.cpp,155,BasiliskII/docs/AARCH64_JIT_AUDIT_AREA3_FLAGS_LIVENESS.md
midfunc,f_forget_about,audited,f_forget_about,68,1,BasiliskII/src/uae_cpu_2026/compiler/compemu_midfunc_arm64.cpp,855,BasiliskII/docs/AARCH64_JIT_AUDIT_F_FORGET_ABOUT.md
midfunc,fabs_rr,unreachable,fabs_rr,68,1,BasiliskII/src/uae_cpu_2026/compiler/compemu_midfunc_arm64.cpp,1087,all configured AArch64 FABS/FSABS/FDABS selectors enter semantic service before operand acquisition or the retained native MIDFUNC call
midfunc,fadd_rr,unreachable,fadd_rr,68,1,BasiliskII/src/uae_cpu_2026/compiler/compemu_midfunc_arm64.cpp,1117,all configured AArch64 FADD/FSADD/FDADD selectors enter semantic service before operand acquisition or the retained native MIDFUNC call
midfunc,fcuts_r,unreachable,fcuts_r,68,0,BasiliskII/src/uae_cpu_2026/compiler/compemu_midfunc_arm64.cpp,1187,no path from configured generated/support/FPU compiler roots
midfunc,fdiv_rr,unreachable,fdiv_rr,68,2,BasiliskII/src/uae_cpu_2026/compiler/compemu_midfunc_arm64.cpp,1107,both configured AArch64 roots (FDIV/FSDIV/FDDIV and FSGLDIV) enter semantic service before operand acquisition or the retained native MIDFUNC calls
midfunc,fflags_into_flags,audited,fflags_into_flags,68,2,BasiliskII/src/uae_cpu_2026/compiler/compemu_midfunc_arm64.cpp,1273,BasiliskII/docs/AARCH64_JIT_AUDIT_FFLAGS_INTO_FLAGS.md
midfunc,ffunc_rr,unreachable,ffunc_rr,68,4,BasiliskII/src/uae_cpu_2026/compiler/compemu_midfunc_arm64.cpp,1225,all four configured AArch64 host-libm roots (FSIN/FETOX/FLOG2/FCOS) enter MPFR semantic service before operand acquisition or the retained MIDFUNC calls; AARCH64_JIT_AUDIT_FFUNC_RETIREMENT.md
midfunc,fmod_rr,unreachable,fmod_rr,68,0,BasiliskII/src/uae_cpu_2026/compiler/compemu_midfunc_arm64.cpp,1167,no path from configured generated/support/FPU compiler roots
midfunc,fmov_b_rr,audited,fmov_b_rr,68,2,BasiliskII/src/uae_cpu_2026/compiler/compemu_midfunc_arm64.cpp,912,BasiliskII/docs/AARCH64_JIT_AUDIT_FPP_FMOVE_INTEGER_SOURCE.md
midfunc,fmov_d_ri_0,unreachable,fmov_d_ri_0,68,2,BasiliskII/src/uae_cpu_2026/compiler/compemu_midfunc_arm64.cpp,1009,the configured AArch64 FMOVECR gate enters exact MPFR service before selector 15 can reach fmov_0/fmov_d_ri_0; the only other parent fmov_l_ri is unreachable; AARCH64_JIT_AUDIT_FMOV_ZERO_ONE_RETIREMENT.md
midfunc,fmov_d_ri_1,unreachable,fmov_d_ri_1,68,2,BasiliskII/src/uae_cpu_2026/compiler/compemu_midfunc_arm64.cpp,1017,the configured AArch64 FMOVECR gate enters exact MPFR service before selector 50 can reach fmov_1/fmov_d_ri_1; the only other parent fmov_l_ri is unreachable; AARCH64_JIT_AUDIT_FMOV_ZERO_ONE_RETIREMENT.md
midfunc,fmov_d_ri_10,unreachable,fmov_d_ri_10,68,1,BasiliskII/src/uae_cpu_2026/compiler/compemu_midfunc_arm64.cpp,1025,no path from configured generated/support/FPU compiler roots
midfunc,fmov_d_ri_100,unreachable,fmov_d_ri_100,68,1,BasiliskII/src/uae_cpu_2026/compiler/compemu_midfunc_arm64.cpp,1033,no path from configured generated/support/FPU compiler roots
midfunc,fmov_d_rm,unreachable,fmov_d_rm,68,1,BasiliskII/src/uae_cpu_2026/compiler/compemu_midfunc_arm64.cpp,1041,its sole external spelling is a legacy extern declaration; configured double-memory FMOVE uses fmov_rm -> raw_fmov_d_rm; AARCH64_JIT_AUDIT_FMOV_D_RM_UNREACHABLE.md
midfunc,fmov_d_rrr,unreachable,fmov_d_rrr,68,0,BasiliskII/src/uae_cpu_2026/compiler/compemu_midfunc_arm64.cpp,922,no path from configured generated/support/FPU compiler roots
midfunc,fmov_l_ri,unreachable,fmov_l_ri,68,0,BasiliskII/src/uae_cpu_2026/compiler/compemu_midfunc_arm64.cpp,934,no path from configured generated/support/FPU compiler roots
midfunc,fmov_l_rr,audited,fmov_l_rr,68,2,BasiliskII/src/uae_cpu_2026/compiler/compemu_midfunc_arm64.cpp,882,BasiliskII/docs/AARCH64_JIT_AUDIT_FPP_FMOVE_INTEGER_SOURCE.md
midfunc,fmov_rm,audited,fmov_rm,68,6,BasiliskII/src/uae_cpu_2026/compiler/compemu_midfunc_arm64.cpp,1057,BasiliskII/docs/AARCH64_JIT_AUDIT_FMOV_RM_LIFECYCLE.md
midfunc,fmov_rr,audited,fmov_rr,68,21,BasiliskII/src/uae_cpu_2026/compiler/compemu_midfunc_arm64.cpp,869,BasiliskII/docs/AARCH64_JIT_AUDIT_FMOV_PRIMITIVES.md
midfunc,fmov_s_ri,unreachable,fmov_s_ri,68,4,BasiliskII/src/uae_cpu_2026/compiler/compemu_midfunc_arm64.cpp,958,all four configured AArch64 binary32 constant roots are retained only below the FMOVECR exact-MPFR service return; raw_fmov_s_rr remains live through fmov_s_rr; AARCH64_JIT_AUDIT_FMOV_S_RI_UNREACHABLE.md
midfunc,fmov_s_rr,audited,fmov_s_rr,68,2,BasiliskII/src/uae_cpu_2026/compiler/compemu_midfunc_arm64.cpp,892,BasiliskII/docs/AARCH64_JIT_AUDIT_FMOV_S_RR_LIFECYCLE.md
midfunc,fmov_to_b_rr,audited,fmov_to_b_rr,68,2,BasiliskII/src/uae_cpu_2026/compiler/compemu_midfunc_arm64.cpp,998,BasiliskII/docs/AARCH64_JIT_AUDIT_FMOV_TO_INTEGER_LIFECYCLE.md
midfunc,fmov_to_d_rrr,unreachable,fmov_to_d_rrr,68,1,BasiliskII/src/uae_cpu_2026/compiler/compemu_midfunc_arm64.cpp,1065,the sole retained put_fp_value(size=5) root is dominated by the configured AArch64 exact-MPFR double-destination service return; AARCH64_JIT_AUDIT_FMOV_TO_D_RRR_UNREACHABLE.md
midfunc,fmov_to_l_rr,audited,fmov_to_l_rr,68,2,BasiliskII/src/uae_cpu_2026/compiler/compemu_midfunc_arm64.cpp,967,BasiliskII/docs/AARCH64_JIT_AUDIT_FMOV_TO_INTEGER_LIFECYCLE.md
midfunc,fmov_to_s_rr,audited,fmov_to_s_rr,68,2,BasiliskII/src/uae_cpu_2026/compiler/compemu_midfunc_arm64.cpp,977,BasiliskII/docs/AARCH64_JIT_AUDIT_FMOV_TO_S_RR_LIFECYCLE.md
midfunc,fmov_to_w_rr,audited,fmov_to_w_rr,68,2,BasiliskII/src/uae_cpu_2026/compiler/compemu_midfunc_arm64.cpp,987,BasiliskII/docs/AARCH64_JIT_AUDIT_FMOV_TO_INTEGER_LIFECYCLE.md
midfunc,fmov_w_rr,audited,fmov_w_rr,68,2,BasiliskII/src/uae_cpu_2026/compiler/compemu_midfunc_arm64.cpp,902,BasiliskII/docs/AARCH64_JIT_AUDIT_FPP_FMOVE_INTEGER_SOURCE.md
midfunc,fmovs_rm,unreachable,fmovs_rm,68,1,BasiliskII/src/uae_cpu_2026/compiler/compemu_midfunc_arm64.cpp,1049,its sole configured spelling is a legacy extern declaration; both raw source sites select fmov_s_rr in the configured AArch64 arms and retain fmovs_rm only in inactive #else arms; AARCH64_JIT_AUDIT_FMOVS_RM_UNREACHABLE.md
midfunc,fmovs_rr,unreachable,fmovs_rr,68,0,BasiliskII/src/uae_cpu_2026/compiler/compemu_midfunc_arm64.cpp,1215,no path from configured generated/support/FPU compiler roots
midfunc,fmul_rr,unreachable,fmul_rr,68,2,BasiliskII/src/uae_cpu_2026/compiler/compemu_midfunc_arm64.cpp,1127,both configured AArch64 roots (FMUL/FSMUL/FDMUL and FSGLMUL) enter semantic service before operand acquisition or the retained native MIDFUNC calls
midfunc,fneg_rr,unreachable,fneg_rr,68,1,BasiliskII/src/uae_cpu_2026/compiler/compemu_midfunc_arm64.cpp,1097,all configured AArch64 FNEG/FSNEG/FDNEG selectors enter semantic service before operand acquisition or the retained native MIDFUNC call
midfunc,forget_about,audited,forget_about,68,304,BasiliskII/src/uae_cpu_2026/compiler/compemu_midfunc_arm64.cpp,584,BasiliskII/docs/AARCH64_JIT_AUDIT_FORGET_ABOUT.md
midfunc,fp_from_double_mr,unreachable,fp_from_double_mr,68,1,BasiliskII/src/uae_cpu_2026/compiler/compemu_midfunc_arm64.cpp,1305,its sole configured spelling is a legacy extern declaration; the retained fmov_mr call is confined to the inactive non-AArch64 arm below exact double-destination service; AARCH64_JIT_AUDIT_FP_FROM_DOUBLE_MR_UNREACHABLE.md
midfunc,fp_from_exten_mr,unreachable,fp_from_exten_mr,68,4,BasiliskII/src/uae_cpu_2026/compiler/compemu_midfunc_arm64.cpp,1280,all three configured store compositions are dominated by exact service: ordinary size-2 FMOVE rejects before EA acquisition and both static-FMOVEM loops return before get_fp_ad; AARCH64_JIT_AUDIT_FP_EXTENDED_MEMORY_UNREACHABLE.md
midfunc,fp_fscc_ri,audited,fp_fscc_ri,68,1,BasiliskII/src/uae_cpu_2026/compiler/compemu_midfunc_arm64.cpp,1326,BasiliskII/docs/AARCH64_JIT_AUDIT_FSCC_LIFECYCLE.md
midfunc,fp_to_double_rm,unreachable,fp_to_double_rm,68,1,BasiliskII/src/uae_cpu_2026/compiler/compemu_midfunc_arm64.cpp,1316,its sole configured spelling is a legacy extern declaration; configured double-memory FMOVE uses ordered guest reads -> temp_fp -> fmov_rm -> raw_fmov_d_rm; AARCH64_JIT_AUDIT_FP_TO_DOUBLE_RM_UNREACHABLE.md
midfunc,fp_to_exten_rm,unreachable,fp_to_exten_rm,68,4,BasiliskII/src/uae_cpu_2026/compiler/compemu_midfunc_arm64.cpp,1293,all three configured load compositions are dominated by exact service: ordinary size-2 FMOVE rejects before EA acquisition and both static-FMOVEM loops return before get_fp_ad; AARCH64_JIT_AUDIT_FP_EXTENDED_MEMORY_UNREACHABLE.md
midfunc,fpowx_rr,unreachable,fpowx_rr,68,1,BasiliskII/src/uae_cpu_2026/compiler/compemu_midfunc_arm64.cpp,1249,the sole configured AArch64 FTWOTOX root enters exact MPFR exp2 service before operand acquisition or the retained host-pow MIDFUNC call; AARCH64_JIT_AUDIT_FPOWX_UNREACHABLE.md
midfunc,frem1_rr,unreachable,frem1_rr,68,0,BasiliskII/src/uae_cpu_2026/compiler/compemu_midfunc_arm64.cpp,1195,no path from configured generated/support/FPU compiler roots
midfunc,frndint_rr,unreachable,frndint_rr,68,0,BasiliskII/src/uae_cpu_2026/compiler/compemu_midfunc_arm64.cpp,1147,its only source call is inside inactive USE_X86_FPUCW code in the configured AArch64 build
midfunc,frndintz_rr,unreachable,frndintz_rr,68,0,BasiliskII/src/uae_cpu_2026/compiler/compemu_midfunc_arm64.cpp,1157,no path from configured generated/support/FPU compiler roots
midfunc,fsgldiv_rr,unreachable,fsgldiv_rr,68,0,BasiliskII/src/uae_cpu_2026/compiler/compemu_midfunc_arm64.cpp,1177,no path from configured generated/support/FPU compiler roots
midfunc,fsglmul_rr,unreachable,fsglmul_rr,68,0,BasiliskII/src/uae_cpu_2026/compiler/compemu_midfunc_arm64.cpp,1205,no path from configured generated/support/FPU compiler roots
midfunc,fsqrt_rr,unreachable,fsqrt_rr,68,1,BasiliskII/src/uae_cpu_2026/compiler/compemu_midfunc_arm64.cpp,1077,all configured AArch64 FSQRT/FSSQRT/FDSQRT selectors enter semantic service before operand acquisition or the retained native MIDFUNC call
midfunc,fsub_rr,unreachable,fsub_rr,68,1,BasiliskII/src/uae_cpu_2026/compiler/compemu_midfunc_arm64.cpp,1137,all configured AArch64 FSUB/FSSUB/FDSUB selectors enter semantic service before operand acquisition or the retained native MIDFUNC call; configured FCMP uses fcompare_result_rr
midfunc,jff_ABCD_b,audited,ABCD,68,4,BasiliskII/src/uae_cpu_2026/compiler/compemu_midfunc_arm64_2.cpp,8103,BasiliskII/docs/AARCH64_JIT_AUDIT_BCD.md
midfunc,jff_ADD_b,audited,ADD,80,1,BasiliskII/src/uae_cpu_2026/compiler/compemu_midfunc_arm64_2.cpp,255,BasiliskII/docs/AARCH64_JIT_AUDIT_ADD_LIFECYCLE.md
midfunc,jff_ADD_b_imm,audited,ADD_b_imm,80,1,BasiliskII/src/uae_cpu_2026/compiler/compemu_midfunc_arm64_2.cpp,240,BasiliskII/docs/AARCH64_JIT_AUDIT_ADD_LIFECYCLE.md
midfunc,jff_ADD_l,audited,ADD,80,1,BasiliskII/src/uae_cpu_2026/compiler/compemu_midfunc_arm64_2.cpp,329,BasiliskII/docs/AARCH64_JIT_AUDIT_ADD_LIFECYCLE.md
midfunc,jff_ADD_l_imm,audited,ADD_l_imm,80,2,BasiliskII/src/uae_cpu_2026/compiler/compemu_midfunc_arm64_2.cpp,310,BasiliskII/docs/AARCH64_JIT_AUDIT_ADD_LIFECYCLE.md
midfunc,jff_ADD_w,audited,ADD,80,1,BasiliskII/src/uae_cpu_2026/compiler/compemu_midfunc_arm64_2.cpp,290,BasiliskII/docs/AARCH64_JIT_AUDIT_ADD_LIFECYCLE.md
midfunc,jff_ADD_w_imm,audited,ADD_w_imm,80,1,BasiliskII/src/uae_cpu_2026/compiler/compemu_midfunc_arm64_2.cpp,275,BasiliskII/docs/AARCH64_JIT_AUDIT_ADD_LIFECYCLE.md
midfunc,jff_ADDX_b,unreachable,ADDX,68,0,BasiliskII/src/uae_cpu_2026/compiler/compemu_midfunc_arm64_2.cpp,512,no path from configured generated/support/FPU compiler roots
midfunc,jff_ADDX_l,unreachable,ADDX,68,0,BasiliskII/src/uae_cpu_2026/compiler/compemu_midfunc_arm64_2.cpp,594,no path from configured generated/support/FPU compiler roots
midfunc,jff_ADDX_w,unreachable,ADDX,68,0,BasiliskII/src/uae_cpu_2026/compiler/compemu_midfunc_arm64_2.cpp,553,no path from configured generated/support/FPU compiler roots
midfunc,jff_AND_b,audited,AND,80,1,BasiliskII/src/uae_cpu_2026/compiler/compemu_midfunc_arm64_2.cpp,791,BasiliskII/docs/AARCH64_JIT_AUDIT_AND_LIFECYCLE.md
midfunc,jff_AND_b_imm,audited,AND_b_imm,80,1,BasiliskII/src/uae_cpu_2026/compiler/compemu_midfunc_arm64_2.cpp,773,BasiliskII/docs/AARCH64_JIT_AUDIT_AND_LIFECYCLE.md
midfunc,jff_AND_l,audited,AND,80,1,BasiliskII/src/uae_cpu_2026/compiler/compemu_midfunc_arm64_2.cpp,867,BasiliskII/docs/AARCH64_JIT_AUDIT_AND_LIFECYCLE.md
midfunc,jff_AND_l_imm,audited,AND_l_imm,80,2,BasiliskII/src/uae_cpu_2026/compiler/compemu_midfunc_arm64_2.cpp,855,BasiliskII/docs/AARCH64_JIT_AUDIT_AND_LIFECYCLE.md
midfunc,jff_AND_w,audited,AND,80,1,BasiliskII/src/uae_cpu_2026/compiler/compemu_midfunc_arm64_2.cpp,832,BasiliskII/docs/AARCH64_JIT_AUDIT_AND_LIFECYCLE.md
midfunc,jff_AND_w_imm,audited,AND_w_imm,80,1,BasiliskII/src/uae_cpu_2026/compiler/compemu_midfunc_arm64_2.cpp,814,BasiliskII/docs/AARCH64_JIT_AUDIT_AND_LIFECYCLE.md
midfunc,jff_ANDSR,audited,ANDSR,68,2,BasiliskII/src/uae_cpu_2026/compiler/compemu_midfunc_arm64_2.cpp,636,BasiliskII/docs/AARCH64_JIT_AUDIT_ADDX_SUBX_CCR.md
midfunc,jff_ASL_b_imm,audited,ASL_b_imm,68,3,BasiliskII/src/uae_cpu_2026/compiler/compemu_midfunc_arm64_2.cpp,901,BasiliskII/docs/AARCH64_JIT_AUDIT_REGISTER_SHIFTS.md; AARCH64_JIT_AUDIT_MEMORY_SHIFTS_ROX.md
midfunc,jff_ASL_b_reg,audited,ASL_b_reg,68,1,BasiliskII/src/uae_cpu_2026/compiler/compemu_midfunc_arm64_2.cpp,1021,BasiliskII/docs/AARCH64_JIT_AUDIT_REGISTER_SHIFTS.md; AARCH64_JIT_AUDIT_MEMORY_SHIFTS_ROX.md
midfunc,jff_ASL_l_imm,audited,ASL_l_imm,68,3,BasiliskII/src/uae_cpu_2026/compiler/compemu_midfunc_arm64_2.cpp,979,BasiliskII/docs/AARCH64_JIT_AUDIT_REGISTER_SHIFTS.md; AARCH64_JIT_AUDIT_MEMORY_SHIFTS_ROX.md
midfunc,jff_ASL_l_reg,audited,ASL_l_reg,68,1,BasiliskII/src/uae_cpu_2026/compiler/compemu_midfunc_arm64_2.cpp,1133,BasiliskII/docs/AARCH64_JIT_AUDIT_REGISTER_SHIFTS.md; AARCH64_JIT_AUDIT_MEMORY_SHIFTS_ROX.md
midfunc,jff_ASL_w_imm,audited,ASL_w_imm,68,3,BasiliskII/src/uae_cpu_2026/compiler/compemu_midfunc_arm64_2.cpp,940,BasiliskII/docs/AARCH64_JIT_AUDIT_REGISTER_SHIFTS.md; AARCH64_JIT_AUDIT_MEMORY_SHIFTS_ROX.md
midfunc,jff_ASL_w_reg,audited,ASL_w_reg,68,1,BasiliskII/src/uae_cpu_2026/compiler/compemu_midfunc_arm64_2.cpp,1077,BasiliskII/docs/AARCH64_JIT_AUDIT_REGISTER_SHIFTS.md; AARCH64_JIT_AUDIT_MEMORY_SHIFTS_ROX.md
midfunc,jff_ASLW,audited,ASLW,68,7,BasiliskII/src/uae_cpu_2026/compiler/compemu_midfunc_arm64_2.cpp,1216,BasiliskII/docs/AARCH64_JIT_AUDIT_REGISTER_SHIFTS.md; AARCH64_JIT_AUDIT_MEMORY_SHIFTS_ROX.md
midfunc,jff_ASR_b_imm,audited,ASR_b_imm,68,2,BasiliskII/src/uae_cpu_2026/compiler/compemu_midfunc_arm64_2.cpp,1306,BasiliskII/docs/AARCH64_JIT_AUDIT_REGISTER_SHIFTS.md; AARCH64_JIT_AUDIT_MEMORY_SHIFTS_ROX.md
midfunc,jff_ASR_b_reg,audited,ASR_b_reg,68,1,BasiliskII/src/uae_cpu_2026/compiler/compemu_midfunc_arm64_2.cpp,1457,BasiliskII/docs/AARCH64_JIT_AUDIT_REGISTER_SHIFTS.md; AARCH64_JIT_AUDIT_MEMORY_SHIFTS_ROX.md
midfunc,jff_ASR_l_imm,audited,ASR_l_imm,68,2,BasiliskII/src/uae_cpu_2026/compiler/compemu_midfunc_arm64_2.cpp,1364,BasiliskII/docs/AARCH64_JIT_AUDIT_REGISTER_SHIFTS.md; AARCH64_JIT_AUDIT_MEMORY_SHIFTS_ROX.md
midfunc,jff_ASR_l_reg,audited,ASR_l_reg,68,1,BasiliskII/src/uae_cpu_2026/compiler/compemu_midfunc_arm64_2.cpp,1547,BasiliskII/docs/AARCH64_JIT_AUDIT_REGISTER_SHIFTS.md; AARCH64_JIT_AUDIT_MEMORY_SHIFTS_ROX.md
midfunc,jff_ASR_w_imm,audited,ASR_w_imm,68,2,BasiliskII/src/uae_cpu_2026/compiler/compemu_midfunc_arm64_2.cpp,1335,BasiliskII/docs/AARCH64_JIT_AUDIT_REGISTER_SHIFTS.md; AARCH64_JIT_AUDIT_MEMORY_SHIFTS_ROX.md
midfunc,jff_ASR_w_reg,audited,ASR_w_reg,68,1,BasiliskII/src/uae_cpu_2026/compiler/compemu_midfunc_arm64_2.cpp,1502,BasiliskII/docs/AARCH64_JIT_AUDIT_REGISTER_SHIFTS.md; AARCH64_JIT_AUDIT_MEMORY_SHIFTS_ROX.md
midfunc,jff_ASRW,audited,ASRW,68,7,BasiliskII/src/uae_cpu_2026/compiler/compemu_midfunc_arm64_2.cpp,1616,BasiliskII/docs/AARCH64_JIT_AUDIT_REGISTER_SHIFTS.md; AARCH64_JIT_AUDIT_MEMORY_SHIFTS_ROX.md
midfunc,jff_BCHG_b,audited,BCHG,90,18,BasiliskII/src/uae_cpu_2026/compiler/compemu_midfunc_arm64_2.cpp,1733,BasiliskII/docs/AARCH64_JIT_AUDIT_CLASSIC_BITOPS.md
midfunc,jff_BCHG_b_imm,audited,BCHG_b_imm,90,1,BasiliskII/src/uae_cpu_2026/compiler/compemu_midfunc_arm64_2.cpp,1705,BasiliskII/docs/AARCH64_JIT_AUDIT_CLASSIC_BITOPS.md
midfunc,jff_BCHG_l,audited,BCHG,90,2,BasiliskII/src/uae_cpu_2026/compiler/compemu_midfunc_arm64_2.cpp,1759,BasiliskII/docs/AARCH64_JIT_AUDIT_CLASSIC_BITOPS.md
midfunc,jff_BCHG_l_imm,audited,BCHG_l_imm,90,1,BasiliskII/src/uae_cpu_2026/compiler/compemu_midfunc_arm64_2.cpp,1719,BasiliskII/docs/AARCH64_JIT_AUDIT_CLASSIC_BITOPS.md
midfunc,jff_BCLR_b,audited,BCLR,90,18,BasiliskII/src/uae_cpu_2026/compiler/compemu_midfunc_arm64_2.cpp,1890,BasiliskII/docs/AARCH64_JIT_AUDIT_CLASSIC_BITOPS.md
midfunc,jff_BCLR_b_imm,audited,BCLR_b_imm,90,1,BasiliskII/src/uae_cpu_2026/compiler/compemu_midfunc_arm64_2.cpp,1860,BasiliskII/docs/AARCH64_JIT_AUDIT_CLASSIC_BITOPS.md
midfunc,jff_BCLR_l,audited,BCLR,90,2,BasiliskII/src/uae_cpu_2026/compiler/compemu_midfunc_arm64_2.cpp,1916,BasiliskII/docs/AARCH64_JIT_AUDIT_CLASSIC_BITOPS.md
midfunc,jff_BCLR_l_imm,audited,BCLR_l_imm,90,1,BasiliskII/src/uae_cpu_2026/compiler/compemu_midfunc_arm64_2.cpp,1875,BasiliskII/docs/AARCH64_JIT_AUDIT_CLASSIC_BITOPS.md
midfunc,jff_BFINS_dd,unreachable,BFINS_dd,68,0,BasiliskII/src/uae_cpu_2026/compiler/compemu_midfunc_arm64_2.cpp,2194,all BFINS slots are post-registration op_bitfield_comp_ff services; the legacy inline BFINS MIDFUNC is not selectable
midfunc,jff_BFINS_di,unreachable,BFINS_di,68,0,BasiliskII/src/uae_cpu_2026/compiler/compemu_midfunc_arm64_2.cpp,2050,no path from configured generated/support/FPU compiler roots
midfunc,jff_BFINS_id,unreachable,BFINS_id,68,0,BasiliskII/src/uae_cpu_2026/compiler/compemu_midfunc_arm64_2.cpp,2120,no path from configured generated/support/FPU compiler roots
midfunc,jff_BFINS_ii,unreachable,BFINS_ii,68,0,BasiliskII/src/uae_cpu_2026/compiler/compemu_midfunc_arm64_2.cpp,1967,no path from configured generated/support/FPU compiler roots
midfunc,jff_BFINS2_dd,unreachable,BFINS2_dd,68,0,BasiliskII/src/uae_cpu_2026/compiler/compemu_midfunc_arm64_2.cpp,2410,no path from configured generated/support/FPU compiler roots
midfunc,jff_BFINS2_di,unreachable,BFINS2_di,68,0,BasiliskII/src/uae_cpu_2026/compiler/compemu_midfunc_arm64_2.cpp,2266,no path from configured generated/support/FPU compiler roots
midfunc,jff_BFINS2_id,unreachable,BFINS2_id,68,0,BasiliskII/src/uae_cpu_2026/compiler/compemu_midfunc_arm64_2.cpp,2336,no path from configured generated/support/FPU compiler roots
midfunc,jff_BFINS2_ii,unreachable,BFINS2_ii,68,0,BasiliskII/src/uae_cpu_2026/compiler/compemu_midfunc_arm64_2.cpp,2000,no path from configured generated/support/FPU compiler roots
midfunc,jff_BSET_b,audited,BSET,90,18,BasiliskII/src/uae_cpu_2026/compiler/compemu_midfunc_arm64_2.cpp,2551,BasiliskII/docs/AARCH64_JIT_AUDIT_CLASSIC_BITOPS.md
midfunc,jff_BSET_b_imm,audited,BSET_b_imm,90,1,BasiliskII/src/uae_cpu_2026/compiler/compemu_midfunc_arm64_2.cpp,2521,BasiliskII/docs/AARCH64_JIT_AUDIT_CLASSIC_BITOPS.md
midfunc,jff_BSET_l,audited,BSET,90,2,BasiliskII/src/uae_cpu_2026/compiler/compemu_midfunc_arm64_2.cpp,2577,BasiliskII/docs/AARCH64_JIT_AUDIT_CLASSIC_BITOPS.md
midfunc,jff_BSET_l_imm,audited,BSET_l_imm,90,1,BasiliskII/src/uae_cpu_2026/compiler/compemu_midfunc_arm64_2.cpp,2536,BasiliskII/docs/AARCH64_JIT_AUDIT_CLASSIC_BITOPS.md
midfunc,jff_BTST_b,audited,BTST,90,20,BasiliskII/src/uae_cpu_2026/compiler/compemu_midfunc_arm64_2.cpp,2645,BasiliskII/docs/AARCH64_JIT_AUDIT_CLASSIC_BITOPS.md
midfunc,jff_BTST_b_imm,audited,BTST_b_imm,90,1,BasiliskII/src/uae_cpu_2026/compiler/compemu_midfunc_arm64_2.cpp,2617,BasiliskII/docs/AARCH64_JIT_AUDIT_CLASSIC_BITOPS.md
midfunc,jff_BTST_l,audited,BTST,90,2,BasiliskII/src/uae_cpu_2026/compiler/compemu_midfunc_arm64_2.cpp,2670,BasiliskII/docs/AARCH64_JIT_AUDIT_CLASSIC_BITOPS.md
midfunc,jff_BTST_l_imm,audited,BTST_l_imm,90,1,BasiliskII/src/uae_cpu_2026/compiler/compemu_midfunc_arm64_2.cpp,2631,BasiliskII/docs/AARCH64_JIT_AUDIT_CLASSIC_BITOPS.md
midfunc,jff_CLR_b,unreachable,CLR,68,0,BasiliskII/src/uae_cpu_2026/compiler/compemu_midfunc_arm64_2.cpp,2747,no path from configured generated/support/FPU compiler roots
midfunc,jff_CLR_l,unreachable,CLR,68,0,BasiliskII/src/uae_cpu_2026/compiler/compemu_midfunc_arm64_2.cpp,2781,no path from configured generated/support/FPU compiler roots
midfunc,jff_CLR_w,unreachable,CLR,68,0,BasiliskII/src/uae_cpu_2026/compiler/compemu_midfunc_arm64_2.cpp,2764,no path from configured generated/support/FPU compiler roots
midfunc,jff_CMP_b,audited,CMP,88,1,BasiliskII/src/uae_cpu_2026/compiler/compemu_midfunc_arm64_2.cpp,2824,BasiliskII/docs/AARCH64_JIT_AUDIT_COMPARE_LIFECYCLE.md
midfunc,jff_CMP_b_imm,audited,CMP_b_imm,88,1,BasiliskII/src/uae_cpu_2026/compiler/compemu_midfunc_arm64_2.cpp,2803,BasiliskII/docs/AARCH64_JIT_AUDIT_COMPARE_LIFECYCLE.md
midfunc,jff_CMP_l,audited,CMP,88,1,BasiliskII/src/uae_cpu_2026/compiler/compemu_midfunc_arm64_2.cpp,2938,BasiliskII/docs/AARCH64_JIT_AUDIT_COMPARE_LIFECYCLE.md
midfunc,jff_CMP_l_imm,audited,CMP_l_imm,88,1,BasiliskII/src/uae_cpu_2026/compiler/compemu_midfunc_arm64_2.cpp,2902,BasiliskII/docs/AARCH64_JIT_AUDIT_COMPARE_LIFECYCLE.md
midfunc,jff_CMP_w,audited,CMP,88,1,BasiliskII/src/uae_cpu_2026/compiler/compemu_midfunc_arm64_2.cpp,2874,BasiliskII/docs/AARCH64_JIT_AUDIT_COMPARE_LIFECYCLE.md
midfunc,jff_CMP_w_imm,audited,CMP_w_imm,88,1,BasiliskII/src/uae_cpu_2026/compiler/compemu_midfunc_arm64_2.cpp,2852,BasiliskII/docs/AARCH64_JIT_AUDIT_COMPARE_LIFECYCLE.md
midfunc,jff_CMPA_l,unreachable,CMPA,88,0,BasiliskII/src/uae_cpu_2026/compiler/compemu_midfunc_arm64_2.cpp,3018,no path from configured generated/support/FPU compiler roots
midfunc,jff_CMPA_l_imm,unreachable,CMPA_l_imm,88,1,BasiliskII/src/uae_cpu_2026/compiler/compemu_midfunc_arm64_2.cpp,3003,no path from configured generated/support/FPU compiler roots
midfunc,jff_CMPA_w,unreachable,CMPA,88,0,BasiliskII/src/uae_cpu_2026/compiler/compemu_midfunc_arm64_2.cpp,2985,no path from configured generated/support/FPU compiler roots
midfunc,jff_CMPA_w_imm,unreachable,CMPA_w_imm,88,1,BasiliskII/src/uae_cpu_2026/compiler/compemu_midfunc_arm64_2.cpp,2970,no path from configured generated/support/FPU compiler roots
midfunc,jff_DBCC,unreachable,DBCC,92,0,BasiliskII/src/uae_cpu_2026/compiler/compemu_midfunc_arm64_2.cpp,3041,no path from configured generated/support/FPU compiler roots
midfunc,jff_DIVLS32,audited,DIVLS,68,11,BasiliskII/src/uae_cpu_2026/compiler/compemu_midfunc_arm64_2.cpp,3510,BasiliskII/docs/AARCH64_JIT_AUDIT_DIVISION_LIFECYCLE.md
midfunc,jff_DIVLS64,audited,DIVLS,68,11,BasiliskII/src/uae_cpu_2026/compiler/compemu_midfunc_arm64_2.cpp,3714,BasiliskII/docs/AARCH64_JIT_AUDIT_DIVISION_LIFECYCLE.md
midfunc,jff_DIVLU32,audited,DIVLU,68,11,BasiliskII/src/uae_cpu_2026/compiler/compemu_midfunc_arm64_2.cpp,3435,BasiliskII/docs/AARCH64_JIT_AUDIT_DIVISION_LIFECYCLE.md
midfunc,jff_DIVLU64,audited,DIVLU,68,11,BasiliskII/src/uae_cpu_2026/compiler/compemu_midfunc_arm64_2.cpp,3614,BasiliskII/docs/AARCH64_JIT_AUDIT_DIVISION_LIFECYCLE.md
midfunc,jff_DIVS,audited,DIVS,68,22,BasiliskII/src/uae_cpu_2026/compiler/compemu_midfunc_arm64_2.cpp,3308,BasiliskII/docs/AARCH64_JIT_AUDIT_DIVISION_LIFECYCLE.md
midfunc,jff_DIVU,audited,DIVU,68,22,BasiliskII/src/uae_cpu_2026/compiler/compemu_midfunc_arm64_2.cpp,3157,BasiliskII/docs/AARCH64_JIT_AUDIT_DIVISION_LIFECYCLE.md
midfunc,jff_EOR_b,audited,EOR,80,1,BasiliskII/src/uae_cpu_2026/compiler/compemu_midfunc_arm64_2.cpp,3891,BasiliskII/docs/AARCH64_JIT_AUDIT_EOR_LIFECYCLE.md
midfunc,jff_EOR_b_imm,audited,EOR_b_imm,80,1,BasiliskII/src/uae_cpu_2026/compiler/compemu_midfunc_arm64_2.cpp,3871,BasiliskII/docs/AARCH64_JIT_AUDIT_EOR_LIFECYCLE.md
midfunc,jff_EOR_l,audited,EOR,80,1,BasiliskII/src/uae_cpu_2026/compiler/compemu_midfunc_arm64_2.cpp,3974,BasiliskII/docs/AARCH64_JIT_AUDIT_EOR_LIFECYCLE.md
midfunc,jff_EOR_l_imm,audited,EOR_l_imm,80,1,BasiliskII/src/uae_cpu_2026/compiler/compemu_midfunc_arm64_2.cpp,3961,BasiliskII/docs/AARCH64_JIT_AUDIT_EOR_LIFECYCLE.md
midfunc,jff_EOR_w,audited,EOR,80,1,BasiliskII/src/uae_cpu_2026/compiler/compemu_midfunc_arm64_2.cpp,3936,BasiliskII/docs/AARCH64_JIT_AUDIT_EOR_LIFECYCLE.md
midfunc,jff_EOR_w_imm,audited,EOR_w_imm,80,1,BasiliskII/src/uae_cpu_2026/compiler/compemu_midfunc_arm64_2.cpp,3916,BasiliskII/docs/AARCH64_JIT_AUDIT_EOR_LIFECYCLE.md
midfunc,jff_EORSR,audited,EORSR,68,2,BasiliskII/src/uae_cpu_2026/compiler/compemu_midfunc_arm64_2.cpp,4004,BasiliskII/docs/AARCH64_JIT_AUDIT_ADDX_SUBX_CCR.md
midfunc,jff_EXT_b,unreachable,EXT,68,0,BasiliskII/src/uae_cpu_2026/compiler/compemu_midfunc_arm64_2.cpp,4082,no path from configured generated/support/FPU compiler roots
midfunc,jff_EXT_l,unreachable,EXT,68,0,BasiliskII/src/uae_cpu_2026/compiler/compemu_midfunc_arm64_2.cpp,4119,no path from configured generated/support/FPU compiler roots
midfunc,jff_EXT_w,unreachable,EXT,68,0,BasiliskII/src/uae_cpu_2026/compiler/compemu_midfunc_arm64_2.cpp,4100,no path from configured generated/support/FPU compiler roots
midfunc,jff_LSL_b_imm,audited,LSL_b_imm,68,2,BasiliskII/src/uae_cpu_2026/compiler/compemu_midfunc_arm64_2.cpp,4279,BasiliskII/docs/AARCH64_JIT_AUDIT_REGISTER_SHIFTS.md; AARCH64_JIT_AUDIT_MEMORY_SHIFTS_ROX.md
midfunc,jff_LSL_b_reg,audited,LSL_b_reg,68,1,BasiliskII/src/uae_cpu_2026/compiler/compemu_midfunc_arm64_2.cpp,4361,BasiliskII/docs/AARCH64_JIT_AUDIT_REGISTER_SHIFTS.md; AARCH64_JIT_AUDIT_MEMORY_SHIFTS_ROX.md
midfunc,jff_LSL_l_imm,audited,LSL_l_imm,68,2,BasiliskII/src/uae_cpu_2026/compiler/compemu_midfunc_arm64_2.cpp,4335,BasiliskII/docs/AARCH64_JIT_AUDIT_REGISTER_SHIFTS.md; AARCH64_JIT_AUDIT_MEMORY_SHIFTS_ROX.md
midfunc,jff_LSL_l_reg,audited,LSL_l_reg,68,1,BasiliskII/src/uae_cpu_2026/compiler/compemu_midfunc_arm64_2.cpp,4436,BasiliskII/docs/AARCH64_JIT_AUDIT_REGISTER_SHIFTS.md; AARCH64_JIT_AUDIT_MEMORY_SHIFTS_ROX.md
midfunc,jff_LSL_w_imm,audited,LSL_w_imm,68,2,BasiliskII/src/uae_cpu_2026/compiler/compemu_midfunc_arm64_2.cpp,4307,BasiliskII/docs/AARCH64_JIT_AUDIT_REGISTER_SHIFTS.md; AARCH64_JIT_AUDIT_MEMORY_SHIFTS_ROX.md
midfunc,jff_LSL_w_reg,audited,LSL_w_reg,68,1,BasiliskII/src/uae_cpu_2026/compiler/compemu_midfunc_arm64_2.cpp,4399,BasiliskII/docs/AARCH64_JIT_AUDIT_REGISTER_SHIFTS.md; AARCH64_JIT_AUDIT_MEMORY_SHIFTS_ROX.md
midfunc,jff_LSLW,audited,LSLW,68,7,BasiliskII/src/uae_cpu_2026/compiler/compemu_midfunc_arm64_2.cpp,4505,BasiliskII/docs/AARCH64_JIT_AUDIT_REGISTER_SHIFTS.md; AARCH64_JIT_AUDIT_MEMORY_SHIFTS_ROX.md
midfunc,jff_LSR_b_imm,audited,LSR_b_imm,68,2,BasiliskII/src/uae_cpu_2026/compiler/compemu_midfunc_arm64_2.cpp,4602,BasiliskII/docs/AARCH64_JIT_AUDIT_REGISTER_SHIFTS.md; AARCH64_JIT_AUDIT_MEMORY_SHIFTS_ROX.md
midfunc,jff_LSR_b_reg,audited,LSR_b_reg,68,1,BasiliskII/src/uae_cpu_2026/compiler/compemu_midfunc_arm64_2.cpp,4743,BasiliskII/docs/AARCH64_JIT_AUDIT_REGISTER_SHIFTS.md; AARCH64_JIT_AUDIT_MEMORY_SHIFTS_ROX.md
midfunc,jff_LSR_l_imm,audited,LSR_l_imm,68,2,BasiliskII/src/uae_cpu_2026/compiler/compemu_midfunc_arm64_2.cpp,4660,BasiliskII/docs/AARCH64_JIT_AUDIT_REGISTER_SHIFTS.md; AARCH64_JIT_AUDIT_MEMORY_SHIFTS_ROX.md
midfunc,jff_LSR_l_reg,audited,LSR_l_reg,68,1,BasiliskII/src/uae_cpu_2026/compiler/compemu_midfunc_arm64_2.cpp,4825,BasiliskII/docs/AARCH64_JIT_AUDIT_REGISTER_SHIFTS.md; AARCH64_JIT_AUDIT_MEMORY_SHIFTS_ROX.md
midfunc,jff_LSR_w_imm,audited,LSR_w_imm,68,2,BasiliskII/src/uae_cpu_2026/compiler/compemu_midfunc_arm64_2.cpp,4631,BasiliskII/docs/AARCH64_JIT_AUDIT_REGISTER_SHIFTS.md; AARCH64_JIT_AUDIT_MEMORY_SHIFTS_ROX.md
midfunc,jff_LSR_w_reg,audited,LSR_w_reg,68,1,BasiliskII/src/uae_cpu_2026/compiler/compemu_midfunc_arm64_2.cpp,4784,BasiliskII/docs/AARCH64_JIT_AUDIT_REGISTER_SHIFTS.md; AARCH64_JIT_AUDIT_MEMORY_SHIFTS_ROX.md
midfunc,jff_LSRW,audited,LSRW,68,7,BasiliskII/src/uae_cpu_2026/compiler/compemu_midfunc_arm64_2.cpp,4894,BasiliskII/docs/AARCH64_JIT_AUDIT_REGISTER_SHIFTS.md; AARCH64_JIT_AUDIT_MEMORY_SHIFTS_ROX.md
midfunc,jff_MOVE_b,audited,MOVE,94,1,BasiliskII/src/uae_cpu_2026/compiler/compemu_midfunc_arm64_2.cpp,5055,BasiliskII/docs/AARCH64_JIT_AUDIT_MOVE_LIFECYCLE.md
midfunc,jff_MOVE_b_imm,audited,MOVE_b_imm,94,1,BasiliskII/src/uae_cpu_2026/compiler/compemu_midfunc_arm64_2.cpp,4997,BasiliskII/docs/AARCH64_JIT_AUDIT_MOVE_LIFECYCLE.md
midfunc,jff_MOVE_l,unreachable,MOVE,94,0,BasiliskII/src/uae_cpu_2026/compiler/compemu_midfunc_arm64_2.cpp,5105,i_MOVE routes long flags through genflags and storage through genastore; the legacy MOVE.L MIDFUNC is not selected
midfunc,jff_MOVE_l_imm,unreachable,MOVE_l_imm,94,1,BasiliskII/src/uae_cpu_2026/compiler/compemu_midfunc_arm64_2.cpp,5040,no path from configured generated/support/FPU compiler roots
midfunc,jff_MOVE_w,audited,MOVE,94,1,BasiliskII/src/uae_cpu_2026/compiler/compemu_midfunc_arm64_2.cpp,5080,BasiliskII/docs/AARCH64_JIT_AUDIT_MOVE_LIFECYCLE.md
midfunc,jff_MOVE_w_imm,audited,MOVE_w_imm,94,2,BasiliskII/src/uae_cpu_2026/compiler/compemu_midfunc_arm64_2.cpp,5014,BasiliskII/docs/AARCH64_JIT_AUDIT_MOVE_LIFECYCLE.md
midfunc,jff_MULS,unreachable,MULS,68,0,BasiliskII/src/uae_cpu_2026/compiler/compemu_midfunc_arm64_2.cpp,5317,no path from configured generated/support/FPU compiler roots
midfunc,jff_MULS32,audited,MULS,68,12,BasiliskII/src/uae_cpu_2026/compiler/compemu_midfunc_arm64_2.cpp,5343,BasiliskII/docs/AARCH64_JIT_AUDIT_MULL_LIFECYCLE.md
midfunc,jff_MULS64,audited,MULS,68,12,BasiliskII/src/uae_cpu_2026/compiler/compemu_midfunc_arm64_2.cpp,5402,BasiliskII/docs/AARCH64_JIT_AUDIT_MULL_LIFECYCLE.md
midfunc,jff_MULU,unreachable,MULU,68,0,BasiliskII/src/uae_cpu_2026/compiler/compemu_midfunc_arm64_2.cpp,5452,no path from configured generated/support/FPU compiler roots
midfunc,jff_MULU32,audited,MULU,68,11,BasiliskII/src/uae_cpu_2026/compiler/compemu_midfunc_arm64_2.cpp,5491,BasiliskII/docs/AARCH64_JIT_AUDIT_MULL_LIFECYCLE.md
midfunc,jff_MULU64,audited,MULU,68,12,BasiliskII/src/uae_cpu_2026/compiler/compemu_midfunc_arm64_2.cpp,5525,BasiliskII/docs/AARCH64_JIT_AUDIT_MULL_LIFECYCLE.md
midfunc,jff_MV2SCCR,unreviewed,MV2SCCR,68,24,BasiliskII/src/uae_cpu_2026/compiler/compemu_midfunc_arm64_2.cpp,8906,reachable; no accepted family-level closure report
midfunc,jff_NBCD_b,audited,NBCD,68,16,BasiliskII/src/uae_cpu_2026/compiler/compemu_midfunc_arm64_2.cpp,8131,BasiliskII/docs/AARCH64_JIT_AUDIT_BCD.md
midfunc,jff_NEG_b,unreachable,NEG,88,0,BasiliskII/src/uae_cpu_2026/compiler/compemu_midfunc_arm64_2.cpp,5588,no path from configured generated/support/FPU compiler roots
midfunc,jff_NEG_l,unreachable,NEG,88,0,BasiliskII/src/uae_cpu_2026/compiler/compemu_midfunc_arm64_2.cpp,5618,no path from configured generated/support/FPU compiler roots
midfunc,jff_NEG_w,unreachable,NEG,88,0,BasiliskII/src/uae_cpu_2026/compiler/compemu_midfunc_arm64_2.cpp,5603,no path from configured generated/support/FPU compiler roots
midfunc,jff_NEGX_b,unreachable,NEGX,97,0,BasiliskII/src/uae_cpu_2026/compiler/compemu_midfunc_arm64_2.cpp,5700,no path from configured generated/support/FPU compiler roots
midfunc,jff_NEGX_l,unreachable,NEGX,97,0,BasiliskII/src/uae_cpu_2026/compiler/compemu_midfunc_arm64_2.cpp,5758,no path from configured generated/support/FPU compiler roots
midfunc,jff_NEGX_w,unreachable,NEGX,97,0,BasiliskII/src/uae_cpu_2026/compiler/compemu_midfunc_arm64_2.cpp,5729,no path from configured generated/support/FPU compiler roots
midfunc,jff_NOT_b,unreachable,NOT,68,0,BasiliskII/src/uae_cpu_2026/compiler/compemu_midfunc_arm64_2.cpp,5853,no path from configured generated/support/FPU compiler roots
midfunc,jff_NOT_l,unreachable,NOT,68,0,BasiliskII/src/uae_cpu_2026/compiler/compemu_midfunc_arm64_2.cpp,5891,no path from configured generated/support/FPU compiler roots
midfunc,jff_NOT_w,unreachable,NOT,68,0,BasiliskII/src/uae_cpu_2026/compiler/compemu_midfunc_arm64_2.cpp,5872,no path from configured generated/support/FPU compiler roots
midfunc,jff_OR_b,audited,OR,80,1,BasiliskII/src/uae_cpu_2026/compiler/compemu_midfunc_arm64_2.cpp,6040,BasiliskII/docs/AARCH64_JIT_AUDIT_OR_LIFECYCLE.md
midfunc,jff_OR_b_imm,audited,OR_b_imm,80,1,BasiliskII/src/uae_cpu_2026/compiler/compemu_midfunc_arm64_2.cpp,6020,BasiliskII/docs/AARCH64_JIT_AUDIT_OR_LIFECYCLE.md
midfunc,jff_OR_l,audited,OR,80,1,BasiliskII/src/uae_cpu_2026/compiler/compemu_midfunc_arm64_2.cpp,6123,BasiliskII/docs/AARCH64_JIT_AUDIT_OR_LIFECYCLE.md
midfunc,jff_OR_l_imm,audited,OR_l_imm,80,2,BasiliskII/src/uae_cpu_2026/compiler/compemu_midfunc_arm64_2.cpp,6110,BasiliskII/docs/AARCH64_JIT_AUDIT_OR_LIFECYCLE.md
midfunc,jff_OR_w,audited,OR,80,1,BasiliskII/src/uae_cpu_2026/compiler/compemu_midfunc_arm64_2.cpp,6085,BasiliskII/docs/AARCH64_JIT_AUDIT_OR_LIFECYCLE.md
midfunc,jff_OR_w_imm,audited,OR_w_imm,80,1,BasiliskII/src/uae_cpu_2026/compiler/compemu_midfunc_arm64_2.cpp,6065,BasiliskII/docs/AARCH64_JIT_AUDIT_OR_LIFECYCLE.md
midfunc,jff_ORSR,audited,ORSR,68,2,BasiliskII/src/uae_cpu_2026/compiler/compemu_midfunc_arm64_2.cpp,6153,BasiliskII/docs/AARCH64_JIT_AUDIT_ADDX_SUBX_CCR.md
midfunc,jff_ROL_b,audited,ROL,68,1,BasiliskII/src/uae_cpu_2026/compiler/compemu_midfunc_arm64_2.cpp,6386,BasiliskII/docs/AARCH64_JIT_AUDIT_ROTATES.md
midfunc,jff_ROL_b_imm,audited,ROL_b_imm,68,1,BasiliskII/src/uae_cpu_2026/compiler/compemu_midfunc_arm64_2.cpp,6236,BasiliskII/docs/AARCH64_JIT_AUDIT_ROTATES.md
midfunc,jff_ROL_l,audited,ROL,68,1,BasiliskII/src/uae_cpu_2026/compiler/compemu_midfunc_arm64_2.cpp,6473,BasiliskII/docs/AARCH64_JIT_AUDIT_ROTATES.md
midfunc,jff_ROL_l_imm,audited,ROL_l_imm,68,2,BasiliskII/src/uae_cpu_2026/compiler/compemu_midfunc_arm64_2.cpp,6292,BasiliskII/docs/AARCH64_JIT_AUDIT_ROTATES.md
midfunc,jff_ROL_w,audited,ROL,68,1,BasiliskII/src/uae_cpu_2026/compiler/compemu_midfunc_arm64_2.cpp,6430,BasiliskII/docs/AARCH64_JIT_AUDIT_ROTATES.md
midfunc,jff_ROL_w_imm,audited,ROL_w_imm,68,1,BasiliskII/src/uae_cpu_2026/compiler/compemu_midfunc_arm64_2.cpp,6265,BasiliskII/docs/AARCH64_JIT_AUDIT_ROTATES.md
midfunc,jff_ROLW,audited,ROLW,68,7,BasiliskII/src/uae_cpu_2026/compiler/compemu_midfunc_arm64_2.cpp,6537,BasiliskII/docs/AARCH64_JIT_AUDIT_ROTATES.md
midfunc,jff_ROR_b,audited,ROR,68,1,BasiliskII/src/uae_cpu_2026/compiler/compemu_midfunc_arm64_2.cpp,7027,BasiliskII/docs/AARCH64_JIT_AUDIT_ROTATES.md
midfunc,jff_ROR_b_imm,audited,ROR_b_imm,68,1,BasiliskII/src/uae_cpu_2026/compiler/compemu_midfunc_arm64_2.cpp,6899,BasiliskII/docs/AARCH64_JIT_AUDIT_ROTATES.md
midfunc,jff_ROR_l,audited,ROR,68,1,BasiliskII/src/uae_cpu_2026/compiler/compemu_midfunc_arm64_2.cpp,7084,BasiliskII/docs/AARCH64_JIT_AUDIT_ROTATES.md
midfunc,jff_ROR_l_imm,audited,ROR_l_imm,68,1,BasiliskII/src/uae_cpu_2026/compiler/compemu_midfunc_arm64_2.cpp,6946,BasiliskII/docs/AARCH64_JIT_AUDIT_ROTATES.md
midfunc,jff_ROR_w,audited,ROR,68,1,BasiliskII/src/uae_cpu_2026/compiler/compemu_midfunc_arm64_2.cpp,7056,BasiliskII/docs/AARCH64_JIT_AUDIT_ROTATES.md
midfunc,jff_ROR_w_imm,audited,ROR_w_imm,68,1,BasiliskII/src/uae_cpu_2026/compiler/compemu_midfunc_arm64_2.cpp,6923,BasiliskII/docs/AARCH64_JIT_AUDIT_ROTATES.md
midfunc,jff_RORW,audited,RORW,68,7,BasiliskII/src/uae_cpu_2026/compiler/compemu_midfunc_arm64_2.cpp,7134,BasiliskII/docs/AARCH64_JIT_AUDIT_ROTATES.md
midfunc,jff_ROXL_b,audited,ROXL,68,4,BasiliskII/src/uae_cpu_2026/compiler/compemu_midfunc_arm64_2.cpp,6676,BasiliskII/docs/AARCH64_JIT_AUDIT_ROTATES.md; AARCH64_JIT_AUDIT_MEMORY_SHIFTS_ROX.md
midfunc,jff_ROXL_l,audited,ROXL,68,4,BasiliskII/src/uae_cpu_2026/compiler/compemu_midfunc_arm64_2.cpp,6786,BasiliskII/docs/AARCH64_JIT_AUDIT_ROTATES.md; AARCH64_JIT_AUDIT_MEMORY_SHIFTS_ROX.md
midfunc,jff_ROXL_w,audited,ROXL,68,4,BasiliskII/src/uae_cpu_2026/compiler/compemu_midfunc_arm64_2.cpp,6732,BasiliskII/docs/AARCH64_JIT_AUDIT_ROTATES.md; AARCH64_JIT_AUDIT_MEMORY_SHIFTS_ROX.md
midfunc,jff_ROXLW,audited,ROXLW,68,14,BasiliskII/src/uae_cpu_2026/compiler/compemu_midfunc_arm64_2.cpp,8831,BasiliskII/docs/AARCH64_JIT_AUDIT_ROTATES.md; AARCH64_JIT_AUDIT_MEMORY_SHIFTS_ROX.md
midfunc,jff_ROXR_b,audited,ROXR,68,4,BasiliskII/src/uae_cpu_2026/compiler/compemu_midfunc_arm64_2.cpp,7263,BasiliskII/docs/AARCH64_JIT_AUDIT_ROTATES.md; AARCH64_JIT_AUDIT_MEMORY_SHIFTS_ROX.md
midfunc,jff_ROXR_l,audited,ROXR,68,4,BasiliskII/src/uae_cpu_2026/compiler/compemu_midfunc_arm64_2.cpp,7368,BasiliskII/docs/AARCH64_JIT_AUDIT_ROTATES.md; AARCH64_JIT_AUDIT_MEMORY_SHIFTS_ROX.md
midfunc,jff_ROXR_w,audited,ROXR,68,4,BasiliskII/src/uae_cpu_2026/compiler/compemu_midfunc_arm64_2.cpp,7317,BasiliskII/docs/AARCH64_JIT_AUDIT_ROTATES.md; AARCH64_JIT_AUDIT_MEMORY_SHIFTS_ROX.md
midfunc,jff_ROXRW,audited,ROXRW,68,14,BasiliskII/src/uae_cpu_2026/compiler/compemu_midfunc_arm64_2.cpp,8868,BasiliskII/docs/AARCH64_JIT_AUDIT_ROTATES.md; AARCH64_JIT_AUDIT_MEMORY_SHIFTS_ROX.md
midfunc,jff_SBCD_b,audited,SBCD,68,4,BasiliskII/src/uae_cpu_2026/compiler/compemu_midfunc_arm64_2.cpp,8117,BasiliskII/docs/AARCH64_JIT_AUDIT_BCD.md
midfunc,jff_SUB_b,audited,SUB,80,1,BasiliskII/src/uae_cpu_2026/compiler/compemu_midfunc_arm64_2.cpp,7608,BasiliskII/docs/AARCH64_JIT_AUDIT_SUB_LIFECYCLE.md
midfunc,jff_SUB_b_imm,audited,SUB_b_imm,80,2,BasiliskII/src/uae_cpu_2026/compiler/compemu_midfunc_arm64_2.cpp,7592,BasiliskII/docs/AARCH64_JIT_AUDIT_SUB_LIFECYCLE.md
midfunc,jff_SUB_l,audited,SUB,80,1,BasiliskII/src/uae_cpu_2026/compiler/compemu_midfunc_arm64_2.cpp,7682,BasiliskII/docs/AARCH64_JIT_AUDIT_SUB_LIFECYCLE.md
midfunc,jff_SUB_l_imm,audited,SUB_l_imm,80,1,BasiliskII/src/uae_cpu_2026/compiler/compemu_midfunc_arm64_2.cpp,7664,BasiliskII/docs/AARCH64_JIT_AUDIT_SUB_LIFECYCLE.md
midfunc,jff_SUB_w,audited,SUB,80,1,BasiliskII/src/uae_cpu_2026/compiler/compemu_midfunc_arm64_2.cpp,7644,BasiliskII/docs/AARCH64_JIT_AUDIT_SUB_LIFECYCLE.md
midfunc,jff_SUB_w_imm,audited,SUB_w_imm,80,1,BasiliskII/src/uae_cpu_2026/compiler/compemu_midfunc_arm64_2.cpp,7628,BasiliskII/docs/AARCH64_JIT_AUDIT_SUB_LIFECYCLE.md
midfunc,jff_SUBX_b,unreachable,SUBX,68,0,BasiliskII/src/uae_cpu_2026/compiler/compemu_midfunc_arm64_2.cpp,7851,no path from configured generated/support/FPU compiler roots
midfunc,jff_SUBX_l,unreachable,SUBX,68,0,BasiliskII/src/uae_cpu_2026/compiler/compemu_midfunc_arm64_2.cpp,7931,no path from configured generated/support/FPU compiler roots
midfunc,jff_SUBX_w,unreachable,SUBX,68,0,BasiliskII/src/uae_cpu_2026/compiler/compemu_midfunc_arm64_2.cpp,7891,no path from configured generated/support/FPU compiler roots
midfunc,jff_SWAP,unreachable,SWAP,68,0,BasiliskII/src/uae_cpu_2026/compiler/compemu_midfunc_arm64_2.cpp,8252,no path from configured generated/support/FPU compiler roots
midfunc,jff_TAS,audited,TAS,97,16,BasiliskII/src/uae_cpu_2026/compiler/compemu_midfunc_arm64_2.cpp,8795,BasiliskII/docs/AARCH64_JIT_AUDIT_TAS_LIFECYCLE.md
midfunc,jff_TST_b,audited,TST,68,2,BasiliskII/src/uae_cpu_2026/compiler/compemu_midfunc_arm64_2.cpp,8298,BasiliskII/docs/AARCH64_JIT_AUDIT_INTEGER_TAIL_LIFECYCLES.md
midfunc,jff_TST_b_imm,audited,TST_b_imm,68,1,BasiliskII/src/uae_cpu_2026/compiler/compemu_midfunc_arm64_2.cpp,8290,BasiliskII/docs/AARCH64_JIT_AUDIT_INTEGER_TAIL_LIFECYCLES.md
midfunc,jff_TST_l,audited,TST,68,2,BasiliskII/src/uae_cpu_2026/compiler/compemu_midfunc_arm64_2.cpp,8346,BasiliskII/docs/AARCH64_JIT_AUDIT_INTEGER_TAIL_LIFECYCLES.md
midfunc,jff_TST_l_imm,audited,TST_l_imm,68,1,BasiliskII/src/uae_cpu_2026/compiler/compemu_midfunc_arm64_2.cpp,8338,BasiliskII/docs/AARCH64_JIT_AUDIT_INTEGER_TAIL_LIFECYCLES.md
midfunc,jff_TST_w,audited,TST,68,2,BasiliskII/src/uae_cpu_2026/compiler/compemu_midfunc_arm64_2.cpp,8322,BasiliskII/docs/AARCH64_JIT_AUDIT_INTEGER_TAIL_LIFECYCLES.md
midfunc,jff_TST_w_imm,audited,TST_w_imm,68,1,BasiliskII/src/uae_cpu_2026/compiler/compemu_midfunc_arm64_2.cpp,8314,BasiliskII/docs/AARCH64_JIT_AUDIT_INTEGER_TAIL_LIFECYCLES.md
midfunc,jnf_ADD_b,audited,ADD,80,1,BasiliskII/src/uae_cpu_2026/compiler/compemu_midfunc_arm64_2.cpp,135,BasiliskII/docs/AARCH64_JIT_AUDIT_ADD_LIFECYCLE.md
midfunc,jnf_ADD_b_imm,audited,ADD_b_imm,80,1,BasiliskII/src/uae_cpu_2026/compiler/compemu_midfunc_arm64_2.cpp,115,BasiliskII/docs/AARCH64_JIT_AUDIT_ADD_LIFECYCLE.md
midfunc,jnf_ADD_im8,unreachable,ADD_im8,80,0,BasiliskII/src/uae_cpu_2026/compiler/compemu_midfunc_arm64_2.cpp,99,no path from configured generated/support/FPU compiler roots
midfunc,jnf_ADD_l,audited,ADD,80,1,BasiliskII/src/uae_cpu_2026/compiler/compemu_midfunc_arm64_2.cpp,221,BasiliskII/docs/AARCH64_JIT_AUDIT_ADD_LIFECYCLE.md
midfunc,jnf_ADD_l_imm,audited,ADD_l_imm,80,3,BasiliskII/src/uae_cpu_2026/compiler/compemu_midfunc_arm64_2.cpp,200,BasiliskII/docs/AARCH64_JIT_AUDIT_ADD_LIFECYCLE.md
midfunc,jnf_ADD_w,audited,ADD,80,1,BasiliskII/src/uae_cpu_2026/compiler/compemu_midfunc_arm64_2.cpp,180,BasiliskII/docs/AARCH64_JIT_AUDIT_ADD_LIFECYCLE.md
midfunc,jnf_ADD_w_imm,audited,ADD_w_imm,80,1,BasiliskII/src/uae_cpu_2026/compiler/compemu_midfunc_arm64_2.cpp,155,BasiliskII/docs/AARCH64_JIT_AUDIT_ADD_LIFECYCLE.md
midfunc,jnf_ADDA_l,audited,ADDA,68,26,BasiliskII/src/uae_cpu_2026/compiler/compemu_midfunc_arm64_2.cpp,416,BasiliskII/docs/AARCH64_JIT_AUDIT_ADDA_LIFECYCLE.md
midfunc,jnf_ADDA_l_imm,audited,ADDA_l_imm,68,1,BasiliskII/src/uae_cpu_2026/compiler/compemu_midfunc_arm64_2.cpp,394,BasiliskII/docs/AARCH64_JIT_AUDIT_ADDA_LIFECYCLE.md
midfunc,jnf_ADDA_w,audited,ADDA,68,26,BasiliskII/src/uae_cpu_2026/compiler/compemu_midfunc_arm64_2.cpp,379,BasiliskII/docs/AARCH64_JIT_AUDIT_ADDA_LIFECYCLE.md
midfunc,jnf_ADDA_w_imm,audited,ADDA_w_imm,68,1,BasiliskII/src/uae_cpu_2026/compiler/compemu_midfunc_arm64_2.cpp,356,BasiliskII/docs/AARCH64_JIT_AUDIT_ADDA_LIFECYCLE.md
midfunc,jnf_ADDX_b,unreachable,ADDX,68,0,BasiliskII/src/uae_cpu_2026/compiler/compemu_midfunc_arm64_2.cpp,447,no path from configured generated/support/FPU compiler roots
midfunc,jnf_ADDX_l,unreachable,ADDX,68,0,BasiliskII/src/uae_cpu_2026/compiler/compemu_midfunc_arm64_2.cpp,485,no path from configured generated/support/FPU compiler roots
midfunc,jnf_ADDX_w,unreachable,ADDX,68,0,BasiliskII/src/uae_cpu_2026/compiler/compemu_midfunc_arm64_2.cpp,466,no path from configured generated/support/FPU compiler roots
midfunc,jnf_AND_b,audited,AND,80,1,BasiliskII/src/uae_cpu_2026/compiler/compemu_midfunc_arm64_2.cpp,686,BasiliskII/docs/AARCH64_JIT_AUDIT_AND_LIFECYCLE.md
midfunc,jnf_AND_b_imm,audited,AND_b_imm,80,1,BasiliskII/src/uae_cpu_2026/compiler/compemu_midfunc_arm64_2.cpp,670,BasiliskII/docs/AARCH64_JIT_AUDIT_AND_LIFECYCLE.md
midfunc,jnf_AND_l,audited,AND,80,1,BasiliskII/src/uae_cpu_2026/compiler/compemu_midfunc_arm64_2.cpp,758,BasiliskII/docs/AARCH64_JIT_AUDIT_AND_LIFECYCLE.md
midfunc,jnf_AND_l_imm,audited,AND_l_imm,80,2,BasiliskII/src/uae_cpu_2026/compiler/compemu_midfunc_arm64_2.cpp,742,BasiliskII/docs/AARCH64_JIT_AUDIT_AND_LIFECYCLE.md
midfunc,jnf_AND_w,audited,AND,80,1,BasiliskII/src/uae_cpu_2026/compiler/compemu_midfunc_arm64_2.cpp,722,BasiliskII/docs/AARCH64_JIT_AUDIT_AND_LIFECYCLE.md
midfunc,jnf_AND_w_imm,audited,AND_w_imm,80,1,BasiliskII/src/uae_cpu_2026/compiler/compemu_midfunc_arm64_2.cpp,706,BasiliskII/docs/AARCH64_JIT_AUDIT_AND_LIFECYCLE.md
midfunc,jnf_ANDSR_w,audited,ANDSR,68,2,BasiliskII/src/uae_cpu_2026/compiler/compemu_midfunc_arm64_2.cpp,9107,BasiliskII/docs/AARCH64_JIT_AUDIT_ADDX_SUBX_CCR.md
midfunc,jnf_ASLW,audited,ASLW,68,7,BasiliskII/src/uae_cpu_2026/compiler/compemu_midfunc_arm64_2.cpp,1206,BasiliskII/docs/AARCH64_JIT_AUDIT_REGISTER_SHIFTS.md; AARCH64_JIT_AUDIT_MEMORY_SHIFTS_ROX.md
midfunc,jnf_ASR_b_imm,audited,ASR_b_imm,68,2,BasiliskII/src/uae_cpu_2026/compiler/compemu_midfunc_arm64_2.cpp,1260,BasiliskII/docs/AARCH64_JIT_AUDIT_REGISTER_SHIFTS.md; AARCH64_JIT_AUDIT_MEMORY_SHIFTS_ROX.md
midfunc,jnf_ASR_b_reg,audited,ASR_b_reg,68,1,BasiliskII/src/uae_cpu_2026/compiler/compemu_midfunc_arm64_2.cpp,1395,BasiliskII/docs/AARCH64_JIT_AUDIT_REGISTER_SHIFTS.md; AARCH64_JIT_AUDIT_MEMORY_SHIFTS_ROX.md
midfunc,jnf_ASR_l_imm,audited,ASR_l_imm,68,2,BasiliskII/src/uae_cpu_2026/compiler/compemu_midfunc_arm64_2.cpp,1292,BasiliskII/docs/AARCH64_JIT_AUDIT_REGISTER_SHIFTS.md; AARCH64_JIT_AUDIT_MEMORY_SHIFTS_ROX.md
midfunc,jnf_ASR_l_reg,audited,ASR_l_reg,68,1,BasiliskII/src/uae_cpu_2026/compiler/compemu_midfunc_arm64_2.cpp,1437,BasiliskII/docs/AARCH64_JIT_AUDIT_REGISTER_SHIFTS.md; AARCH64_JIT_AUDIT_MEMORY_SHIFTS_ROX.md
midfunc,jnf_ASR_w_imm,audited,ASR_w_imm,68,2,BasiliskII/src/uae_cpu_2026/compiler/compemu_midfunc_arm64_2.cpp,1276,BasiliskII/docs/AARCH64_JIT_AUDIT_REGISTER_SHIFTS.md; AARCH64_JIT_AUDIT_MEMORY_SHIFTS_ROX.md
midfunc,jnf_ASR_w_reg,audited,ASR_w_reg,68,1,BasiliskII/src/uae_cpu_2026/compiler/compemu_midfunc_arm64_2.cpp,1416,BasiliskII/docs/AARCH64_JIT_AUDIT_REGISTER_SHIFTS.md; AARCH64_JIT_AUDIT_MEMORY_SHIFTS_ROX.md
midfunc,jnf_ASRW,audited,ASRW,68,7,BasiliskII/src/uae_cpu_2026/compiler/compemu_midfunc_arm64_2.cpp,1605,BasiliskII/docs/AARCH64_JIT_AUDIT_REGISTER_SHIFTS.md; AARCH64_JIT_AUDIT_MEMORY_SHIFTS_ROX.md
midfunc,jnf_BCHG_b,audited,BCHG,90,18,BasiliskII/src/uae_cpu_2026/compiler/compemu_midfunc_arm64_2.cpp,1665,BasiliskII/docs/AARCH64_JIT_AUDIT_CLASSIC_BITOPS.md
midfunc,jnf_BCHG_b_imm,audited,BCHG_b_imm,90,1,BasiliskII/src/uae_cpu_2026/compiler/compemu_midfunc_arm64_2.cpp,1649,BasiliskII/docs/AARCH64_JIT_AUDIT_CLASSIC_BITOPS.md
midfunc,jnf_BCHG_l,audited,BCHG,90,3,BasiliskII/src/uae_cpu_2026/compiler/compemu_midfunc_arm64_2.cpp,1686,BasiliskII/docs/AARCH64_JIT_AUDIT_CLASSIC_BITOPS.md
midfunc,jnf_BCHG_l_imm,audited,BCHG_l_imm,90,1,BasiliskII/src/uae_cpu_2026/compiler/compemu_midfunc_arm64_2.cpp,1657,BasiliskII/docs/AARCH64_JIT_AUDIT_CLASSIC_BITOPS.md
midfunc,jnf_BCLR_b,audited,BCLR,90,18,BasiliskII/src/uae_cpu_2026/compiler/compemu_midfunc_arm64_2.cpp,1821,BasiliskII/docs/AARCH64_JIT_AUDIT_CLASSIC_BITOPS.md
midfunc,jnf_BCLR_b_imm,audited,BCLR_b_imm,90,1,BasiliskII/src/uae_cpu_2026/compiler/compemu_midfunc_arm64_2.cpp,1799,BasiliskII/docs/AARCH64_JIT_AUDIT_CLASSIC_BITOPS.md
midfunc,jnf_BCLR_l,audited,BCLR,90,3,BasiliskII/src/uae_cpu_2026/compiler/compemu_midfunc_arm64_2.cpp,1841,BasiliskII/docs/AARCH64_JIT_AUDIT_CLASSIC_BITOPS.md
midfunc,jnf_BCLR_l_imm,audited,BCLR_l_imm,90,1,BasiliskII/src/uae_cpu_2026/compiler/compemu_midfunc_arm64_2.cpp,1807,BasiliskII/docs/AARCH64_JIT_AUDIT_CLASSIC_BITOPS.md
midfunc,jnf_BFINS_dd,unreachable,BFINS_dd,68,0,BasiliskII/src/uae_cpu_2026/compiler/compemu_midfunc_arm64_2.cpp,2157,no path from configured generated/support/FPU compiler roots
midfunc,jnf_BFINS_di,unreachable,BFINS_di,68,0,BasiliskII/src/uae_cpu_2026/compiler/compemu_midfunc_arm64_2.cpp,2019,no path from configured generated/support/FPU compiler roots
midfunc,jnf_BFINS_id,unreachable,BFINS_id,68,0,BasiliskII/src/uae_cpu_2026/compiler/compemu_midfunc_arm64_2.cpp,2085,no path from configured generated/support/FPU compiler roots
midfunc,jnf_BFINS_ii,unreachable,BFINS_ii,68,0,BasiliskII/src/uae_cpu_2026/compiler/compemu_midfunc_arm64_2.cpp,1953,no path from configured generated/support/FPU compiler roots
midfunc,jnf_BFINS2_dd,unreachable,BFINS2_dd,68,0,BasiliskII/src/uae_cpu_2026/compiler/compemu_midfunc_arm64_2.cpp,2373,no path from configured generated/support/FPU compiler roots
midfunc,jnf_BFINS2_di,unreachable,BFINS2_di,68,0,BasiliskII/src/uae_cpu_2026/compiler/compemu_midfunc_arm64_2.cpp,2235,no path from configured generated/support/FPU compiler roots
midfunc,jnf_BFINS2_id,unreachable,BFINS2_id,68,0,BasiliskII/src/uae_cpu_2026/compiler/compemu_midfunc_arm64_2.cpp,2301,no path from configured generated/support/FPU compiler roots
midfunc,jnf_BFINS2_ii,unreachable,BFINS2_ii,68,0,BasiliskII/src/uae_cpu_2026/compiler/compemu_midfunc_arm64_2.cpp,1984,no path from configured generated/support/FPU compiler roots
midfunc,jnf_BSET_b,audited,BSET,90,18,BasiliskII/src/uae_cpu_2026/compiler/compemu_midfunc_arm64_2.cpp,2481,BasiliskII/docs/AARCH64_JIT_AUDIT_CLASSIC_BITOPS.md
midfunc,jnf_BSET_b_imm,audited,BSET_b_imm,90,1,BasiliskII/src/uae_cpu_2026/compiler/compemu_midfunc_arm64_2.cpp,2465,BasiliskII/docs/AARCH64_JIT_AUDIT_CLASSIC_BITOPS.md
midfunc,jnf_BSET_l,audited,BSET,90,3,BasiliskII/src/uae_cpu_2026/compiler/compemu_midfunc_arm64_2.cpp,2502,BasiliskII/docs/AARCH64_JIT_AUDIT_CLASSIC_BITOPS.md
midfunc,jnf_BSET_l_imm,audited,BSET_l_imm,90,1,BasiliskII/src/uae_cpu_2026/compiler/compemu_midfunc_arm64_2.cpp,2473,BasiliskII/docs/AARCH64_JIT_AUDIT_CLASSIC_BITOPS.md
midfunc,jnf_CHK_l,audited,CHK,68,22,BasiliskII/src/uae_cpu_2026/compiler/compemu_midfunc_arm64_2.cpp,8195,BasiliskII/docs/AARCH64_JIT_AUDIT_CHK_EXCEPTIONS.md
midfunc,jnf_CHK_w,audited,CHK,68,22,BasiliskII/src/uae_cpu_2026/compiler/compemu_midfunc_arm64_2.cpp,8162,BasiliskII/docs/AARCH64_JIT_AUDIT_CHK_EXCEPTIONS.md
midfunc,jnf_CLR_b,unreachable,CLR,68,0,BasiliskII/src/uae_cpu_2026/compiler/compemu_midfunc_arm64_2.cpp,2713,no path from configured generated/support/FPU compiler roots
midfunc,jnf_CLR_l,unreachable,CLR,68,0,BasiliskII/src/uae_cpu_2026/compiler/compemu_midfunc_arm64_2.cpp,2741,no path from configured generated/support/FPU compiler roots
midfunc,jnf_CLR_w,unreachable,CLR,68,0,BasiliskII/src/uae_cpu_2026/compiler/compemu_midfunc_arm64_2.cpp,2727,no path from configured generated/support/FPU compiler roots
midfunc,jnf_DIVLS32,audited,DIVLS,68,11,BasiliskII/src/uae_cpu_2026/compiler/compemu_midfunc_arm64_2.cpp,3465,BasiliskII/docs/AARCH64_JIT_AUDIT_DIVISION_LIFECYCLE.md
midfunc,jnf_DIVLS64,audited,DIVLS,68,11,BasiliskII/src/uae_cpu_2026/compiler/compemu_midfunc_arm64_2.cpp,3671,BasiliskII/docs/AARCH64_JIT_AUDIT_DIVISION_LIFECYCLE.md
midfunc,jnf_DIVLU32,audited,DIVLU,68,11,BasiliskII/src/uae_cpu_2026/compiler/compemu_midfunc_arm64_2.cpp,3405,BasiliskII/docs/AARCH64_JIT_AUDIT_DIVISION_LIFECYCLE.md
midfunc,jnf_DIVLU64,audited,DIVLU,68,11,BasiliskII/src/uae_cpu_2026/compiler/compemu_midfunc_arm64_2.cpp,3572,BasiliskII/docs/AARCH64_JIT_AUDIT_DIVISION_LIFECYCLE.md
midfunc,jnf_DIVS,unreachable,DIVS,68,0,BasiliskII/src/uae_cpu_2026/compiler/compemu_midfunc_arm64_2.cpp,3243,i_DIVS unconditionally selects jff_DIVS for divide exception and overflow flag semantics
midfunc,jnf_DIVU,unreachable,DIVU,68,0,BasiliskII/src/uae_cpu_2026/compiler/compemu_midfunc_arm64_2.cpp,3109,no path from configured generated/support/FPU compiler roots
midfunc,jnf_EOR_b,audited,EOR,80,1,BasiliskII/src/uae_cpu_2026/compiler/compemu_midfunc_arm64_2.cpp,3793,BasiliskII/docs/AARCH64_JIT_AUDIT_EOR_LIFECYCLE.md
midfunc,jnf_EOR_b_imm,audited,EOR_b_imm,80,1,BasiliskII/src/uae_cpu_2026/compiler/compemu_midfunc_arm64_2.cpp,3782,BasiliskII/docs/AARCH64_JIT_AUDIT_EOR_LIFECYCLE.md
midfunc,jnf_EOR_l,audited,EOR,80,1,BasiliskII/src/uae_cpu_2026/compiler/compemu_midfunc_arm64_2.cpp,3856,BasiliskII/docs/AARCH64_JIT_AUDIT_EOR_LIFECYCLE.md
midfunc,jnf_EOR_l_imm,audited,EOR_l_imm,80,1,BasiliskII/src/uae_cpu_2026/compiler/compemu_midfunc_arm64_2.cpp,3840,BasiliskII/docs/AARCH64_JIT_AUDIT_EOR_LIFECYCLE.md
midfunc,jnf_EOR_w,audited,EOR,80,1,BasiliskII/src/uae_cpu_2026/compiler/compemu_midfunc_arm64_2.cpp,3824,BasiliskII/docs/AARCH64_JIT_AUDIT_EOR_LIFECYCLE.md
midfunc,jnf_EOR_w_imm,audited,EOR_w_imm,80,1,BasiliskII/src/uae_cpu_2026/compiler/compemu_midfunc_arm64_2.cpp,3813,BasiliskII/docs/AARCH64_JIT_AUDIT_EOR_LIFECYCLE.md
midfunc,jnf_EORSR_w,audited,EORSR,68,2,BasiliskII/src/uae_cpu_2026/compiler/compemu_midfunc_arm64_2.cpp,9132,BasiliskII/docs/AARCH64_JIT_AUDIT_ADDX_SUBX_CCR.md
midfunc,jnf_EXT_b,unreachable,EXT,68,0,BasiliskII/src/uae_cpu_2026/compiler/compemu_midfunc_arm64_2.cpp,4036,no path from configured generated/support/FPU compiler roots
midfunc,jnf_EXT_l,unreachable,EXT,68,0,BasiliskII/src/uae_cpu_2026/compiler/compemu_midfunc_arm64_2.cpp,4067,no path from configured generated/support/FPU compiler roots
midfunc,jnf_EXT_w,unreachable,EXT,68,0,BasiliskII/src/uae_cpu_2026/compiler/compemu_midfunc_arm64_2.cpp,4051,no path from configured generated/support/FPU compiler roots
midfunc,jnf_LSL_b_imm,audited,LSL_b_imm,68,2,BasiliskII/src/uae_cpu_2026/compiler/compemu_midfunc_arm64_2.cpp,4159,BasiliskII/docs/AARCH64_JIT_AUDIT_REGISTER_SHIFTS.md; AARCH64_JIT_AUDIT_MEMORY_SHIFTS_ROX.md
midfunc,jnf_LSL_b_reg,audited,LSL_b_reg,68,1,BasiliskII/src/uae_cpu_2026/compiler/compemu_midfunc_arm64_2.cpp,4221,BasiliskII/docs/AARCH64_JIT_AUDIT_REGISTER_SHIFTS.md; AARCH64_JIT_AUDIT_MEMORY_SHIFTS_ROX.md
midfunc,jnf_LSL_l_imm,audited,LSL_l_imm,68,2,BasiliskII/src/uae_cpu_2026/compiler/compemu_midfunc_arm64_2.cpp,4201,BasiliskII/docs/AARCH64_JIT_AUDIT_REGISTER_SHIFTS.md; AARCH64_JIT_AUDIT_MEMORY_SHIFTS_ROX.md
midfunc,jnf_LSL_l_reg,audited,LSL_l_reg,68,1,BasiliskII/src/uae_cpu_2026/compiler/compemu_midfunc_arm64_2.cpp,4257,BasiliskII/docs/AARCH64_JIT_AUDIT_REGISTER_SHIFTS.md; AARCH64_JIT_AUDIT_MEMORY_SHIFTS_ROX.md
midfunc,jnf_LSL_w_imm,audited,LSL_w_imm,68,2,BasiliskII/src/uae_cpu_2026/compiler/compemu_midfunc_arm64_2.cpp,4180,BasiliskII/docs/AARCH64_JIT_AUDIT_REGISTER_SHIFTS.md; AARCH64_JIT_AUDIT_MEMORY_SHIFTS_ROX.md
midfunc,jnf_LSL_w_reg,audited,LSL_w_reg,68,1,BasiliskII/src/uae_cpu_2026/compiler/compemu_midfunc_arm64_2.cpp,4239,BasiliskII/docs/AARCH64_JIT_AUDIT_REGISTER_SHIFTS.md; AARCH64_JIT_AUDIT_MEMORY_SHIFTS_ROX.md
midfunc,jnf_LSLW,audited,LSLW,68,7,BasiliskII/src/uae_cpu_2026/compiler/compemu_midfunc_arm64_2.cpp,4490,BasiliskII/docs/AARCH64_JIT_AUDIT_REGISTER_SHIFTS.md; AARCH64_JIT_AUDIT_MEMORY_SHIFTS_ROX.md
midfunc,jnf_LSR_b_imm,audited,LSR_b_imm,68,2,BasiliskII/src/uae_cpu_2026/compiler/compemu_midfunc_arm64_2.cpp,4538,BasiliskII/docs/AARCH64_JIT_AUDIT_REGISTER_SHIFTS.md; AARCH64_JIT_AUDIT_MEMORY_SHIFTS_ROX.md
midfunc,jnf_LSR_b_reg,audited,LSR_b_reg,68,1,BasiliskII/src/uae_cpu_2026/compiler/compemu_midfunc_arm64_2.cpp,4686,BasiliskII/docs/AARCH64_JIT_AUDIT_REGISTER_SHIFTS.md; AARCH64_JIT_AUDIT_MEMORY_SHIFTS_ROX.md
midfunc,jnf_LSR_l_imm,audited,LSR_l_imm,68,2,BasiliskII/src/uae_cpu_2026/compiler/compemu_midfunc_arm64_2.cpp,4582,BasiliskII/docs/AARCH64_JIT_AUDIT_REGISTER_SHIFTS.md; AARCH64_JIT_AUDIT_MEMORY_SHIFTS_ROX.md
midfunc,jnf_LSR_l_reg,audited,LSR_l_reg,68,1,BasiliskII/src/uae_cpu_2026/compiler/compemu_midfunc_arm64_2.cpp,4722,BasiliskII/docs/AARCH64_JIT_AUDIT_REGISTER_SHIFTS.md; AARCH64_JIT_AUDIT_MEMORY_SHIFTS_ROX.md
midfunc,jnf_LSR_w_imm,audited,LSR_w_imm,68,2,BasiliskII/src/uae_cpu_2026/compiler/compemu_midfunc_arm64_2.cpp,4560,BasiliskII/docs/AARCH64_JIT_AUDIT_REGISTER_SHIFTS.md; AARCH64_JIT_AUDIT_MEMORY_SHIFTS_ROX.md
midfunc,jnf_LSR_w_reg,audited,LSR_w_reg,68,1,BasiliskII/src/uae_cpu_2026/compiler/compemu_midfunc_arm64_2.cpp,4704,BasiliskII/docs/AARCH64_JIT_AUDIT_REGISTER_SHIFTS.md; AARCH64_JIT_AUDIT_MEMORY_SHIFTS_ROX.md
midfunc,jnf_LSRW,audited,LSRW,68,7,BasiliskII/src/uae_cpu_2026/compiler/compemu_midfunc_arm64_2.cpp,4878,BasiliskII/docs/AARCH64_JIT_AUDIT_REGISTER_SHIFTS.md; AARCH64_JIT_AUDIT_MEMORY_SHIFTS_ROX.md
midfunc,jnf_MEM_GETADR_JMP_OFF,audited,MEM_GETADR_JMP_OFF,68,1,BasiliskII/src/uae_cpu_2026/compiler/compemu_midfunc_arm64_2.cpp,8701,BasiliskII/docs/AARCH64_JIT_AUDIT_AREA6_MEMORY_ACCESS_CONTRACTS.md
midfunc,jnf_MEM_GETADR_OFF,audited,MEM_GETADR_OFF,68,1,BasiliskII/src/uae_cpu_2026/compiler/compemu_midfunc_arm64_2.cpp,8676,BasiliskII/docs/AARCH64_JIT_AUDIT_AREA6_MEMORY_ACCESS_CONTRACTS.md
midfunc,jnf_MEM_GETADR24_OFF,audited,MEM_GETADR24_OFF,68,1,BasiliskII/src/uae_cpu_2026/compiler/compemu_midfunc_arm64_2.cpp,8688,BasiliskII/docs/AARCH64_JIT_AUDIT_AREA6_MEMORY_ACCESS_CONTRACTS.md
midfunc,jnf_MEM_READ_OFF_b,audited,MEM_READ_OFF,68,1,BasiliskII/src/uae_cpu_2026/compiler/compemu_midfunc_arm64_2.cpp,8489,BasiliskII/docs/AARCH64_JIT_AUDIT_AREA6_MEMORY_ACCESS_CONTRACTS.md
midfunc,jnf_MEM_READ_OFF_l,audited,MEM_READ_OFF,68,1,BasiliskII/src/uae_cpu_2026/compiler/compemu_midfunc_arm64_2.cpp,8531,BasiliskII/docs/AARCH64_JIT_AUDIT_AREA6_MEMORY_ACCESS_CONTRACTS.md
midfunc,jnf_MEM_READ_OFF_w,audited,MEM_READ_OFF,68,1,BasiliskII/src/uae_cpu_2026/compiler/compemu_midfunc_arm64_2.cpp,8514,BasiliskII/docs/AARCH64_JIT_AUDIT_AREA6_MEMORY_ACCESS_CONTRACTS.md
midfunc,jnf_MEM_READ24_OFF_b,audited,MEM_READ24_OFF,68,1,BasiliskII/src/uae_cpu_2026/compiler/compemu_midfunc_arm64_2.cpp,8623,BasiliskII/docs/AARCH64_JIT_AUDIT_AREA6_MEMORY_ACCESS_CONTRACTS.md
midfunc,jnf_MEM_READ24_OFF_l,audited,MEM_READ24_OFF,68,1,BasiliskII/src/uae_cpu_2026/compiler/compemu_midfunc_arm64_2.cpp,8661,BasiliskII/docs/AARCH64_JIT_AUDIT_AREA6_MEMORY_ACCESS_CONTRACTS.md
midfunc,jnf_MEM_READ24_OFF_w,audited,MEM_READ24_OFF,68,1,BasiliskII/src/uae_cpu_2026/compiler/compemu_midfunc_arm64_2.cpp,8647,BasiliskII/docs/AARCH64_JIT_AUDIT_AREA6_MEMORY_ACCESS_CONTRACTS.md
midfunc,jnf_MEM_READMEMBANK,audited,MEM_READMEMBANK,68,1,BasiliskII/src/uae_cpu_2026/compiler/compemu_midfunc_arm64_2.cpp,8719,BasiliskII/docs/AARCH64_JIT_AUDIT_AREA6_MEMORY_ACCESS_CONTRACTS.md
midfunc,jnf_MEM_WRITE_OFF_b,audited,MEM_WRITE_OFF,68,1,BasiliskII/src/uae_cpu_2026/compiler/compemu_midfunc_arm64_2.cpp,8419,BasiliskII/docs/AARCH64_JIT_AUDIT_AREA6_MEMORY_ACCESS_CONTRACTS.md
midfunc,jnf_MEM_WRITE_OFF_l,audited,MEM_WRITE_OFF,68,1,BasiliskII/src/uae_cpu_2026/compiler/compemu_midfunc_arm64_2.cpp,8463,BasiliskII/docs/AARCH64_JIT_AUDIT_AREA6_MEMORY_ACCESS_CONTRACTS.md
midfunc,jnf_MEM_WRITE_OFF_w,audited,MEM_WRITE_OFF,68,1,BasiliskII/src/uae_cpu_2026/compiler/compemu_midfunc_arm64_2.cpp,8445,BasiliskII/docs/AARCH64_JIT_AUDIT_AREA6_MEMORY_ACCESS_CONTRACTS.md
midfunc,jnf_MEM_WRITE24_OFF_b,audited,MEM_WRITE24_OFF,68,1,BasiliskII/src/uae_cpu_2026/compiler/compemu_midfunc_arm64_2.cpp,8549,BasiliskII/docs/AARCH64_JIT_AUDIT_AREA6_MEMORY_ACCESS_CONTRACTS.md
midfunc,jnf_MEM_WRITE24_OFF_l,audited,MEM_WRITE24_OFF,68,1,BasiliskII/src/uae_cpu_2026/compiler/compemu_midfunc_arm64_2.cpp,8599,BasiliskII/docs/AARCH64_JIT_AUDIT_AREA6_MEMORY_ACCESS_CONTRACTS.md
midfunc,jnf_MEM_WRITE24_OFF_w,audited,MEM_WRITE24_OFF,68,1,BasiliskII/src/uae_cpu_2026/compiler/compemu_midfunc_arm64_2.cpp,8584,BasiliskII/docs/AARCH64_JIT_AUDIT_AREA6_MEMORY_ACCESS_CONTRACTS.md
midfunc,jnf_MEM_WRITEMEMBANK,audited,MEM_WRITEMEMBANK,68,1,BasiliskII/src/uae_cpu_2026/compiler/compemu_midfunc_arm64_2.cpp,8755,BasiliskII/docs/AARCH64_JIT_AUDIT_AREA6_MEMORY_ACCESS_CONTRACTS.md
midfunc,jnf_MOVE_b,audited,MOVE,94,1,BasiliskII/src/uae_cpu_2026/compiler/compemu_midfunc_arm64_2.cpp,4957,BasiliskII/docs/AARCH64_JIT_AUDIT_MOVE_LIFECYCLE.md
midfunc,jnf_MOVE_b_imm,audited,MOVE_b_imm,94,1,BasiliskII/src/uae_cpu_2026/compiler/compemu_midfunc_arm64_2.cpp,4924,BasiliskII/docs/AARCH64_JIT_AUDIT_MOVE_LIFECYCLE.md
midfunc,jnf_MOVE_l,unreachable,MOVE,94,0,BasiliskII/src/uae_cpu_2026/compiler/compemu_midfunc_arm64_2.cpp,4991,no path from configured generated/support/FPU compiler roots
midfunc,jnf_MOVE_w,audited,MOVE,94,1,BasiliskII/src/uae_cpu_2026/compiler/compemu_midfunc_arm64_2.cpp,4974,BasiliskII/docs/AARCH64_JIT_AUDIT_MOVE_LIFECYCLE.md
midfunc,jnf_MOVE_w_imm,audited,MOVE_w_imm,94,2,BasiliskII/src/uae_cpu_2026/compiler/compemu_midfunc_arm64_2.cpp,4940,BasiliskII/docs/AARCH64_JIT_AUDIT_MOVE_LIFECYCLE.md
midfunc,jnf_MOVE16,unreachable,MOVE16,94,0,BasiliskII/src/uae_cpu_2026/compiler/compemu_midfunc_arm64_2.cpp,5221,i_MOVE16 selects genmov16 and its direct/special-memory primitives; the legacy MOVE16 MIDFUNC is not selected
midfunc,jnf_MOVEA_l,unreachable,MOVEA,94,0,BasiliskII/src/uae_cpu_2026/compiler/compemu_midfunc_arm64_2.cpp,5274,no path from configured generated/support/FPU compiler roots
midfunc,jnf_MOVEA_w,unreachable,MOVEA,94,0,BasiliskII/src/uae_cpu_2026/compiler/compemu_midfunc_arm64_2.cpp,5259,no path from configured generated/support/FPU compiler roots
midfunc,jnf_MOVEA_w_imm,unreachable,MOVEA_w_imm,94,1,BasiliskII/src/uae_cpu_2026/compiler/compemu_midfunc_arm64_2.cpp,5253,no path from configured generated/support/FPU compiler roots
midfunc,jnf_MULS,audited,MULS,68,22,BasiliskII/src/uae_cpu_2026/compiler/compemu_midfunc_arm64_2.cpp,5293,BasiliskII/docs/AARCH64_JIT_AUDIT_INTEGER_TAIL_LIFECYCLES.md
midfunc,jnf_MULS32,audited,MULS,68,12,BasiliskII/src/uae_cpu_2026/compiler/compemu_midfunc_arm64_2.cpp,5332,BasiliskII/docs/AARCH64_JIT_AUDIT_MULL_LIFECYCLE.md
midfunc,jnf_MULS64,audited,MULS,68,12,BasiliskII/src/uae_cpu_2026/compiler/compemu_midfunc_arm64_2.cpp,5393,BasiliskII/docs/AARCH64_JIT_AUDIT_MULL_LIFECYCLE.md
midfunc,jnf_MULU,audited,MULU,68,22,BasiliskII/src/uae_cpu_2026/compiler/compemu_midfunc_arm64_2.cpp,5428,BasiliskII/docs/AARCH64_JIT_AUDIT_INTEGER_TAIL_LIFECYCLES.md
midfunc,jnf_MULU32,audited,MULU,68,11,BasiliskII/src/uae_cpu_2026/compiler/compemu_midfunc_arm64_2.cpp,5480,BasiliskII/docs/AARCH64_JIT_AUDIT_MULL_LIFECYCLE.md
midfunc,jnf_MULU64,audited,MULU,68,12,BasiliskII/src/uae_cpu_2026/compiler/compemu_midfunc_arm64_2.cpp,5516,BasiliskII/docs/AARCH64_JIT_AUDIT_MULL_LIFECYCLE.md
midfunc,jnf_MV2SR_w,unreachable,MV2SR,68,22,BasiliskII/src/uae_cpu_2026/compiler/compemu_midfunc_arm64_2.cpp,9049,post-registration AArch64 semantic-service override
midfunc,jnf_MVMEL_l,unreachable,MVMEL,100,0,BasiliskII/src/uae_cpu_2026/compiler/compemu_midfunc_arm64_2.cpp,5148,i_MVMEL selects repaired genmovemel cursor/read primitives; the legacy fixed-offset MIDFUNC is not selected
midfunc,jnf_MVMEL_w,unreachable,MVMEL,100,0,BasiliskII/src/uae_cpu_2026/compiler/compemu_midfunc_arm64_2.cpp,5134,no path from configured generated/support/FPU compiler roots
midfunc,jnf_MVMLE_l,unreachable,MVMLE,100,0,BasiliskII/src/uae_cpu_2026/compiler/compemu_midfunc_arm64_2.cpp,5191,no path from configured generated/support/FPU compiler roots
midfunc,jnf_MVMLE_w,unreachable,MVMLE,100,0,BasiliskII/src/uae_cpu_2026/compiler/compemu_midfunc_arm64_2.cpp,5178,no path from configured generated/support/FPU compiler roots
midfunc,jnf_MVR2USP,unreachable,MVR2USP,68,0,BasiliskII/src/uae_cpu_2026/compiler/compemu_midfunc_arm64.cpp,1441,no path from configured generated/support/FPU compiler roots
midfunc,jnf_MVUSP2R,unreachable,MVUSP2R,68,0,BasiliskII/src/uae_cpu_2026/compiler/compemu_midfunc_arm64.cpp,1450,no path from configured generated/support/FPU compiler roots
midfunc,jnf_NEG_b,unreachable,NEG,88,0,BasiliskII/src/uae_cpu_2026/compiler/compemu_midfunc_arm64_2.cpp,5554,no path from configured generated/support/FPU compiler roots
midfunc,jnf_NEG_l,unreachable,NEG,88,0,BasiliskII/src/uae_cpu_2026/compiler/compemu_midfunc_arm64_2.cpp,5578,no path from configured generated/support/FPU compiler roots
midfunc,jnf_NEG_w,unreachable,NEG,88,0,BasiliskII/src/uae_cpu_2026/compiler/compemu_midfunc_arm64_2.cpp,5566,no path from configured generated/support/FPU compiler roots
midfunc,jnf_NEGX_b,unreachable,NEGX,97,0,BasiliskII/src/uae_cpu_2026/compiler/compemu_midfunc_arm64_2.cpp,5646,no path from configured generated/support/FPU compiler roots
midfunc,jnf_NEGX_l,unreachable,NEGX,97,0,BasiliskII/src/uae_cpu_2026/compiler/compemu_midfunc_arm64_2.cpp,5683,no path from configured generated/support/FPU compiler roots
midfunc,jnf_NEGX_w,unreachable,NEGX,97,0,BasiliskII/src/uae_cpu_2026/compiler/compemu_midfunc_arm64_2.cpp,5664,no path from configured generated/support/FPU compiler roots
midfunc,jnf_NOT_b,unreachable,NOT,68,0,BasiliskII/src/uae_cpu_2026/compiler/compemu_midfunc_arm64_2.cpp,5798,no path from configured generated/support/FPU compiler roots
midfunc,jnf_NOT_l,unreachable,NOT,68,0,BasiliskII/src/uae_cpu_2026/compiler/compemu_midfunc_arm64_2.cpp,5838,no path from configured generated/support/FPU compiler roots
midfunc,jnf_NOT_w,unreachable,NOT,68,0,BasiliskII/src/uae_cpu_2026/compiler/compemu_midfunc_arm64_2.cpp,5818,no path from configured generated/support/FPU compiler roots
midfunc,jnf_OR_b,audited,OR,80,1,BasiliskII/src/uae_cpu_2026/compiler/compemu_midfunc_arm64_2.cpp,5933,BasiliskII/docs/AARCH64_JIT_AUDIT_OR_LIFECYCLE.md
midfunc,jnf_OR_b_imm,audited,OR_b_imm,80,1,BasiliskII/src/uae_cpu_2026/compiler/compemu_midfunc_arm64_2.cpp,5917,BasiliskII/docs/AARCH64_JIT_AUDIT_OR_LIFECYCLE.md
midfunc,jnf_OR_l,audited,OR,80,1,BasiliskII/src/uae_cpu_2026/compiler/compemu_midfunc_arm64_2.cpp,6005,BasiliskII/docs/AARCH64_JIT_AUDIT_OR_LIFECYCLE.md
midfunc,jnf_OR_l_imm,audited,OR_l_imm,80,2,BasiliskII/src/uae_cpu_2026/compiler/compemu_midfunc_arm64_2.cpp,5989,BasiliskII/docs/AARCH64_JIT_AUDIT_OR_LIFECYCLE.md
midfunc,jnf_OR_w,audited,OR,80,1,BasiliskII/src/uae_cpu_2026/compiler/compemu_midfunc_arm64_2.cpp,5969,BasiliskII/docs/AARCH64_JIT_AUDIT_OR_LIFECYCLE.md
midfunc,jnf_OR_w_imm,audited,OR_w_imm,80,1,BasiliskII/src/uae_cpu_2026/compiler/compemu_midfunc_arm64_2.cpp,5953,BasiliskII/docs/AARCH64_JIT_AUDIT_OR_LIFECYCLE.md
midfunc,jnf_ORSR_w,audited,ORSR,68,2,BasiliskII/src/uae_cpu_2026/compiler/compemu_midfunc_arm64_2.cpp,9060,BasiliskII/docs/AARCH64_JIT_AUDIT_ADDX_SUBX_CCR.md
midfunc,jnf_ROL_b,audited,ROL,68,1,BasiliskII/src/uae_cpu_2026/compiler/compemu_midfunc_arm64_2.cpp,6316,BasiliskII/docs/AARCH64_JIT_AUDIT_ROTATES.md
midfunc,jnf_ROL_b_imm,audited,ROL_b_imm,68,1,BasiliskII/src/uae_cpu_2026/compiler/compemu_midfunc_arm64_2.cpp,6187,BasiliskII/docs/AARCH64_JIT_AUDIT_ROTATES.md
midfunc,jnf_ROL_l,audited,ROL,68,1,BasiliskII/src/uae_cpu_2026/compiler/compemu_midfunc_arm64_2.cpp,6365,BasiliskII/docs/AARCH64_JIT_AUDIT_ROTATES.md
midfunc,jnf_ROL_l_imm,audited,ROL_l_imm,68,2,BasiliskII/src/uae_cpu_2026/compiler/compemu_midfunc_arm64_2.cpp,6218,BasiliskII/docs/AARCH64_JIT_AUDIT_ROTATES.md
midfunc,jnf_ROL_w,audited,ROL,68,1,BasiliskII/src/uae_cpu_2026/compiler/compemu_midfunc_arm64_2.cpp,6341,BasiliskII/docs/AARCH64_JIT_AUDIT_ROTATES.md
midfunc,jnf_ROL_w_imm,audited,ROL_w_imm,68,1,BasiliskII/src/uae_cpu_2026/compiler/compemu_midfunc_arm64_2.cpp,6203,BasiliskII/docs/AARCH64_JIT_AUDIT_ROTATES.md
midfunc,jnf_ROLW,audited,ROLW,68,7,BasiliskII/src/uae_cpu_2026/compiler/compemu_midfunc_arm64_2.cpp,6526,BasiliskII/docs/AARCH64_JIT_AUDIT_ROTATES.md
midfunc,jnf_ROR_b,audited,ROR,68,1,BasiliskII/src/uae_cpu_2026/compiler/compemu_midfunc_arm64_2.cpp,6966,BasiliskII/docs/AARCH64_JIT_AUDIT_ROTATES.md
midfunc,jnf_ROR_b_imm,audited,ROR_b_imm,68,1,BasiliskII/src/uae_cpu_2026/compiler/compemu_midfunc_arm64_2.cpp,6851,BasiliskII/docs/AARCH64_JIT_AUDIT_ROTATES.md
midfunc,jnf_ROR_l,audited,ROR,68,1,BasiliskII/src/uae_cpu_2026/compiler/compemu_midfunc_arm64_2.cpp,7009,BasiliskII/docs/AARCH64_JIT_AUDIT_ROTATES.md
midfunc,jnf_ROR_l_imm,audited,ROR_l_imm,68,1,BasiliskII/src/uae_cpu_2026/compiler/compemu_midfunc_arm64_2.cpp,6881,BasiliskII/docs/AARCH64_JIT_AUDIT_ROTATES.md
midfunc,jnf_ROR_w,audited,ROR,68,1,BasiliskII/src/uae_cpu_2026/compiler/compemu_midfunc_arm64_2.cpp,6988,BasiliskII/docs/AARCH64_JIT_AUDIT_ROTATES.md
midfunc,jnf_ROR_w_imm,audited,ROR_w_imm,68,1,BasiliskII/src/uae_cpu_2026/compiler/compemu_midfunc_arm64_2.cpp,6866,BasiliskII/docs/AARCH64_JIT_AUDIT_ROTATES.md
midfunc,jnf_RORW,audited,RORW,68,7,BasiliskII/src/uae_cpu_2026/compiler/compemu_midfunc_arm64_2.cpp,7123,BasiliskII/docs/AARCH64_JIT_AUDIT_ROTATES.md
midfunc,jnf_ROXL_b,unreachable,ROXL,68,0,BasiliskII/src/uae_cpu_2026/compiler/compemu_midfunc_arm64_2.cpp,6569,no path from configured generated/support/FPU compiler roots
midfunc,jnf_ROXL_l,unreachable,ROXL,68,0,BasiliskII/src/uae_cpu_2026/compiler/compemu_midfunc_arm64_2.cpp,6644,no path from configured generated/support/FPU compiler roots
midfunc,jnf_ROXL_w,unreachable,ROXL,68,0,BasiliskII/src/uae_cpu_2026/compiler/compemu_midfunc_arm64_2.cpp,6608,no path from configured generated/support/FPU compiler roots
midfunc,jnf_ROXR_b,unreachable,ROXR,68,0,BasiliskII/src/uae_cpu_2026/compiler/compemu_midfunc_arm64_2.cpp,7164,no path from configured generated/support/FPU compiler roots
midfunc,jnf_ROXR_l,unreachable,ROXR,68,0,BasiliskII/src/uae_cpu_2026/compiler/compemu_midfunc_arm64_2.cpp,7233,no path from configured generated/support/FPU compiler roots
midfunc,jnf_ROXR_w,unreachable,ROXR,68,0,BasiliskII/src/uae_cpu_2026/compiler/compemu_midfunc_arm64_2.cpp,7200,no path from configured generated/support/FPU compiler roots
midfunc,jnf_SCC,audited,SCC,92,256,BasiliskII/src/uae_cpu_2026/compiler/compemu_midfunc_arm64_2.cpp,7418,BasiliskII/docs/AARCH64_JIT_AUDIT_DBCC_SCC_LIFECYCLE.md
midfunc,jnf_SUB_b,audited,SUB,80,1,BasiliskII/src/uae_cpu_2026/compiler/compemu_midfunc_arm64_2.cpp,7496,BasiliskII/docs/AARCH64_JIT_AUDIT_SUB_LIFECYCLE.md
midfunc,jnf_SUB_b_imm,audited,SUB_b_imm,80,2,BasiliskII/src/uae_cpu_2026/compiler/compemu_midfunc_arm64_2.cpp,7476,BasiliskII/docs/AARCH64_JIT_AUDIT_SUB_LIFECYCLE.md
midfunc,jnf_SUB_l,audited,SUB,80,1,BasiliskII/src/uae_cpu_2026/compiler/compemu_midfunc_arm64_2.cpp,7577,BasiliskII/docs/AARCH64_JIT_AUDIT_SUB_LIFECYCLE.md
midfunc,jnf_SUB_l_imm,audited,SUB_l_imm,80,1,BasiliskII/src/uae_cpu_2026/compiler/compemu_midfunc_arm64_2.cpp,7557,BasiliskII/docs/AARCH64_JIT_AUDIT_SUB_LIFECYCLE.md
midfunc,jnf_SUB_w,audited,SUB,80,1,BasiliskII/src/uae_cpu_2026/compiler/compemu_midfunc_arm64_2.cpp,7537,BasiliskII/docs/AARCH64_JIT_AUDIT_SUB_LIFECYCLE.md
midfunc,jnf_SUB_w_imm,audited,SUB_w_imm,80,2,BasiliskII/src/uae_cpu_2026/compiler/compemu_midfunc_arm64_2.cpp,7516,BasiliskII/docs/AARCH64_JIT_AUDIT_SUB_LIFECYCLE.md
midfunc,jnf_SUBA_l,unreachable,SUBA,68,0,BasiliskII/src/uae_cpu_2026/compiler/compemu_midfunc_arm64_2.cpp,7763,no path from configured generated/support/FPU compiler roots
midfunc,jnf_SUBA_l_imm,unreachable,SUBA_l_imm,68,1,BasiliskII/src/uae_cpu_2026/compiler/compemu_midfunc_arm64_2.cpp,7743,no path from configured generated/support/FPU compiler roots
midfunc,jnf_SUBA_w,unreachable,SUBA,68,0,BasiliskII/src/uae_cpu_2026/compiler/compemu_midfunc_arm64_2.cpp,7728,no path from configured generated/support/FPU compiler roots
midfunc,jnf_SUBA_w_imm,unreachable,SUBA_w_imm,68,1,BasiliskII/src/uae_cpu_2026/compiler/compemu_midfunc_arm64_2.cpp,7710,no path from configured generated/support/FPU compiler roots
midfunc,jnf_SUBX_b,unreachable,SUBX,68,0,BasiliskII/src/uae_cpu_2026/compiler/compemu_midfunc_arm64_2.cpp,7794,no path from configured generated/support/FPU compiler roots
midfunc,jnf_SUBX_l,unreachable,SUBX,68,0,BasiliskII/src/uae_cpu_2026/compiler/compemu_midfunc_arm64_2.cpp,7834,no path from configured generated/support/FPU compiler roots
midfunc,jnf_SUBX_w,unreachable,SUBX,68,0,BasiliskII/src/uae_cpu_2026/compiler/compemu_midfunc_arm64_2.cpp,7814,no path from configured generated/support/FPU compiler roots
midfunc,jnf_SWAP,unreachable,SWAP,68,0,BasiliskII/src/uae_cpu_2026/compiler/compemu_midfunc_arm64_2.cpp,8237,no path from configured generated/support/FPU compiler roots
midfunc,jnf_TAS,unreachable,TAS,97,0,BasiliskII/src/uae_cpu_2026/compiler/compemu_midfunc_arm64_2.cpp,8786,i_TAS unconditionally selects jff_TAS because TAS defines CCR; no no-flags TAS path is selected
midfunc,jnf_TRAPV,audited,TRAPV,68,2,BasiliskII/src/uae_cpu_2026/compiler/compemu_midfunc_arm64_2.cpp,8813,BasiliskII/docs/AARCH64_JIT_AUDIT_DIVISION_LIFECYCLE.md
midfunc,lea_l_brr,audited,lea_l_brr,68,1171,BasiliskII/src/uae_cpu_2026/compiler/compemu_midfunc_arm64.cpp,315,BasiliskII/docs/AARCH64_JIT_AUDIT_AREA5_VALUE_AND_POINTER_CONTRACTS.md
midfunc,lea_l_brr_indexed,audited,lea_l_brr_indexed,68,2,BasiliskII/src/uae_cpu_2026/compiler/compemu_midfunc_arm64.cpp,366,BasiliskII/docs/AARCH64_JIT_AUDIT_AREA5_VALUE_AND_POINTER_CONTRACTS.md
midfunc,lea_l_rr_indexed,audited,lea_l_rr_indexed,68,1,BasiliskII/src/uae_cpu_2026/compiler/compemu_midfunc_arm64.cpp,408,BasiliskII/docs/AARCH64_JIT_AUDIT_AREA5_VALUE_AND_POINTER_CONTRACTS.md
midfunc,live_flags,audited,live_flags,68,1407,BasiliskII/src/uae_cpu_2026/compiler/compemu_midfunc_arm64.cpp,147,BasiliskII/docs/AARCH64_JIT_AUDIT_AREA3_FLAGS_LIVENESS.md
midfunc,make_flags_live,audited,make_flags_live,68,621,BasiliskII/src/uae_cpu_2026/compiler/compemu_midfunc_arm64.cpp,216,BasiliskII/docs/AARCH64_JIT_AUDIT_AREA3_FLAGS_LIVENESS.md
midfunc,mov_b_ri,audited,mov_b_ri,68,11,BasiliskII/src/uae_cpu_2026/compiler/compemu_midfunc_arm64.cpp,517,BasiliskII/docs/AARCH64_JIT_AUDIT_MOV_B_RI_LIFECYCLE.md
midfunc,mov_l_mi,audited,mov_l_mi,68,2,BasiliskII/src/uae_cpu_2026/compiler/compemu_midfunc_arm64.cpp,222,BasiliskII/docs/AARCH64_JIT_AUDIT_AREA4_CALLS_AND_ALLOCATOR.md
midfunc,mov_l_mr,audited,mov_l_mr,68,221,BasiliskII/src/uae_cpu_2026/compiler/compemu_midfunc_arm64.cpp,464,BasiliskII/docs/AARCH64_JIT_AUDIT_AREA4_CALLS_AND_ALLOCATOR.md
midfunc,mov_l_ri,audited,mov_l_ri,68,2396,BasiliskII/src/uae_cpu_2026/compiler/compemu_midfunc_arm64.cpp,511,BasiliskII/docs/AARCH64_JIT_AUDIT_MOV_L_RI_LIFECYCLE.md
midfunc,mov_l_rm,audited,mov_l_rm,68,9,BasiliskII/src/uae_cpu_2026/compiler/compemu_midfunc_arm64.cpp,490,BasiliskII/docs/AARCH64_JIT_AUDIT_AREA4_CALLS_AND_ALLOCATOR.md
midfunc,mov_l_rr,unreviewed,mov_l_rr,68,2359,BasiliskII/src/uae_cpu_2026/compiler/compemu_midfunc_arm64.cpp,441,reachable; no accepted family-level closure report
midfunc,preserve_flags_before_nzcv_clobber,audited,preserve_flags_before_nzcv_clobber,68,108,BasiliskII/src/uae_cpu_2026/compiler/compemu_midfunc_arm64.cpp,166,BasiliskII/docs/AARCH64_JIT_AUDIT_AREA3_FLAGS_LIVENESS.md
midfunc,roxr_b_ri,unreachable,roxr_b_ri,68,0,BasiliskII/src/uae_cpu_2026/compiler/compemu_midfunc_arm64.cpp,1341,no path from configured generated/support/FPU compiler roots
midfunc,save_and_discard_flags_in_nzcv,audited,save_and_discard_flags_in_nzcv,68,28,BasiliskII/src/uae_cpu_2026/compiler/compemu_midfunc_arm64.cpp,199,BasiliskII/docs/AARCH64_JIT_AUDIT_AREA3_FLAGS_LIVENESS.md
midfunc,sign_extend_16_rr,audited,sign_extend_16_rr,68,157,BasiliskII/src/uae_cpu_2026/compiler/compemu_midfunc_arm64.cpp,293,BasiliskII/docs/AARCH64_JIT_AUDIT_AREA5_VALUE_AND_POINTER_CONTRACTS.md
midfunc,sub_l_ri,unreviewed,sub_l_ri,68,156,BasiliskII/src/uae_cpu_2026/compiler/compemu_midfunc_arm64.cpp,536,reachable; no accepted family-level closure report
midfunc,sub_w_ri,unreachable,sub_w_ri,68,0,BasiliskII/src/uae_cpu_2026/compiler/compemu_midfunc_arm64.cpp,563,raw references were comments; configured DBcc uses dbcc_dec_w -> jnf_SUB_w_imm instead
raw_boundary,compemu_raw_branch,audited,compemu_raw_branch,86,0,BasiliskII/src/uae_cpu_2026/compiler/compemu_support_arm.cpp,3222,AARCH64_JIT_AUDIT_AREA1_BLOCK_LIFECYCLE.md; AREA2_PC_OWNERSHIP.md; AREA3_FLAGS_LIVENESS.md; AREA4_CALLS_AND_ALLOCATOR.md
raw_boundary,compemu_raw_call,audited,compemu_raw_call,86,19,BasiliskII/src/uae_cpu_2026/compiler/codegen_arm64.cpp,231,AARCH64_JIT_AUDIT_AREA1_BLOCK_LIFECYCLE.md; AREA2_PC_OWNERSHIP.md; AREA3_FLAGS_LIVENESS.md; AREA4_CALLS_AND_ALLOCATOR.md
raw_boundary,compemu_raw_call_observer_i,audited,compemu_raw_call_observer_i,86,4,BasiliskII/src/uae_cpu_2026/compiler/codegen_arm64.cpp,276,AARCH64_JIT_AUDIT_AREA1_BLOCK_LIFECYCLE.md; AREA2_PC_OWNERSHIP.md; AREA3_FLAGS_LIVENESS.md; AREA4_CALLS_AND_ALLOCATOR.md
raw_boundary,compemu_raw_call_observer_ii,audited,compemu_raw_call_observer_ii,86,9,BasiliskII/src/uae_cpu_2026/compiler/codegen_arm64.cpp,284,AARCH64_JIT_AUDIT_AREA1_BLOCK_LIFECYCLE.md; AREA2_PC_OWNERSHIP.md; AREA3_FLAGS_LIVENESS.md; AREA4_CALLS_AND_ALLOCATOR.md
raw_boundary,compemu_raw_call_observer_ri,audited,compemu_raw_call_observer_ri,86,2,BasiliskII/src/uae_cpu_2026/compiler/codegen_arm64.cpp,296,AARCH64_JIT_AUDIT_AREA1_BLOCK_LIFECYCLE.md; AREA2_PC_OWNERSHIP.md; AREA3_FLAGS_LIVENESS.md; AREA4_CALLS_AND_ALLOCATOR.md
raw_boundary,compemu_raw_call_preserve_nzcv,audited,compemu_raw_call_preserve_nzcv,86,3,BasiliskII/src/uae_cpu_2026/compiler/codegen_arm64.cpp,514,BasiliskII/docs/AARCH64_JIT_AUDIT_FPP_SIGN_SUBTRANCHE.md
raw_boundary,compemu_raw_call_r,audited,compemu_raw_call_r,86,3,BasiliskII/src/uae_cpu_2026/compiler/codegen_arm64.cpp,504,AARCH64_JIT_AUDIT_AREA1_BLOCK_LIFECYCLE.md; AREA2_PC_OWNERSHIP.md; AREA3_FLAGS_LIVENESS.md; AREA4_CALLS_AND_ALLOCATOR.md
raw_boundary,compemu_raw_check_checksum,unreviewed,compemu_raw_check_checksum,60,3,BasiliskII/src/uae_cpu_2026/compiler/codegen_arm64.cpp,683,reachable raw boundary; no exact closure classification
raw_boundary,compemu_raw_cmp_pc,audited,compemu_raw_cmp_pc,60,3,BasiliskII/src/uae_cpu_2026/compiler/codegen_arm64.cpp,329,AARCH64_JIT_AUDIT_AREA1_BLOCK_LIFECYCLE.md; AREA2_PC_OWNERSHIP.md; AREA3_FLAGS_LIVENESS.md; AREA4_CALLS_AND_ALLOCATOR.md
raw_boundary,compemu_raw_dec_m,unreviewed,compemu_raw_dec_m,60,3,BasiliskII/src/uae_cpu_2026/compiler/codegen_arm64.cpp,469,reachable raw boundary; no exact closure classification
raw_boundary,compemu_raw_endblock_pc_inreg,audited,compemu_raw_endblock_pc_inreg,86,13,BasiliskII/src/uae_cpu_2026/compiler/codegen_arm64.cpp,791,AARCH64_JIT_AUDIT_AREA1_BLOCK_LIFECYCLE.md; AREA2_PC_OWNERSHIP.md; AREA3_FLAGS_LIVENESS.md; AREA4_CALLS_AND_ALLOCATOR.md
raw_boundary,compemu_raw_endblock_pc_isconst,audited,compemu_raw_endblock_pc_isconst,86,4,BasiliskII/src/uae_cpu_2026/compiler/codegen_arm64.cpp,839,AARCH64_JIT_AUDIT_AREA1_BLOCK_LIFECYCLE.md; AREA2_PC_OWNERSHIP.md; AREA3_FLAGS_LIVENESS.md; AREA4_CALLS_AND_ALLOCATOR.md
raw_boundary,compemu_raw_exec_nostats,unreviewed,compemu_raw_exec_nostats,60,5,BasiliskII/src/uae_cpu_2026/compiler/codegen_arm64.cpp,693,reachable raw boundary; no exact closure classification
raw_boundary,compemu_raw_execute_normal,unreviewed,compemu_raw_execute_normal,60,3,BasiliskII/src/uae_cpu_2026/compiler/codegen_arm64.cpp,654,reachable raw boundary; no exact closure classification
raw_boundary,compemu_raw_execute_normal_cycles,unreviewed,compemu_raw_execute_normal_cycles,60,2,BasiliskII/src/uae_cpu_2026/compiler/codegen_arm64.cpp,664,reachable raw boundary; no exact closure classification
raw_boundary,compemu_raw_fmov_mr_drop,unreviewed,compemu_raw_fmov_mr_drop,60,3,BasiliskII/src/uae_cpu_2026/compiler/codegen_arm64.cpp,892,reachable raw boundary; no exact closure classification
raw_boundary,compemu_raw_fmov_rm,unreviewed,compemu_raw_fmov_rm,60,3,BasiliskII/src/uae_cpu_2026/compiler/codegen_arm64.cpp,903,reachable raw boundary; no exact closure classification
raw_boundary,compemu_raw_handle_except,unreviewed,compemu_raw_handle_except,60,2,BasiliskII/src/uae_cpu_2026/compiler/codegen_arm64.cpp,634,reachable raw boundary; no exact closure classification
raw_boundary,compemu_raw_inc_m,unreviewed,compemu_raw_inc_m,60,5,BasiliskII/src/uae_cpu_2026/compiler/codegen_arm64.cpp,480,reachable raw boundary; no exact closure classification
raw_boundary,compemu_raw_inc_opcount,unreviewed,compemu_raw_inc_opcount,60,2,BasiliskII/src/uae_cpu_2026/compiler/codegen_arm64.cpp,220,reachable raw boundary; no exact closure classification
raw_boundary,compemu_raw_init_r_regstruct,unreviewed,compemu_raw_init_r_regstruct,60,3,BasiliskII/src/uae_cpu_2026/compiler/codegen_arm64.cpp,778,reachable raw boundary; no exact closure classification
raw_boundary,compemu_raw_jcc_l_oponly,unreviewed,compemu_raw_jcc_l_oponly,60,5,BasiliskII/src/uae_cpu_2026/compiler/codegen_arm64.cpp,524,reachable raw boundary; no exact closure classification
raw_boundary,compemu_raw_jmp,audited,compemu_raw_jmp,86,9,BasiliskII/src/uae_cpu_2026/compiler/codegen_arm64.cpp,710,AARCH64_JIT_AUDIT_AREA1_BLOCK_LIFECYCLE.md; AREA2_PC_OWNERSHIP.md; AREA3_FLAGS_LIVENESS.md; AREA4_CALLS_AND_ALLOCATOR.md
raw_boundary,compemu_raw_jmp_pc_tag,audited,compemu_raw_jmp_pc_tag,86,2,BasiliskII/src/uae_cpu_2026/compiler/codegen_arm64.cpp,723,AARCH64_JIT_AUDIT_AREA1_BLOCK_LIFECYCLE.md; AREA2_PC_OWNERSHIP.md; AREA3_FLAGS_LIVENESS.md; AREA4_CALLS_AND_ALLOCATOR.md
raw_boundary,compemu_raw_maybe_cachemiss,audited,compemu_raw_maybe_cachemiss,60,2,BasiliskII/src/uae_cpu_2026/compiler/codegen_arm64.cpp,742,AARCH64_JIT_AUDIT_AREA1_BLOCK_LIFECYCLE.md; AREA2_PC_OWNERSHIP.md; AREA3_FLAGS_LIVENESS.md; AREA4_CALLS_AND_ALLOCATOR.md
raw_boundary,compemu_raw_maybe_do_nothing,unreviewed,compemu_raw_maybe_do_nothing,60,9,BasiliskII/src/uae_cpu_2026/compiler/codegen_arm64.cpp,750,reachable raw boundary; no exact closure classification
raw_boundary,compemu_raw_maybe_recompile,audited,compemu_raw_maybe_recompile,60,2,BasiliskII/src/uae_cpu_2026/compiler/codegen_arm64.cpp,702,AARCH64_JIT_AUDIT_AREA1_BLOCK_LIFECYCLE.md; AREA2_PC_OWNERSHIP.md; AREA3_FLAGS_LIVENESS.md; AREA4_CALLS_AND_ALLOCATOR.md
raw_boundary,compemu_raw_mov_l_mi,unreviewed,compemu_raw_mov_l_mi,60,9,BasiliskII/src/uae_cpu_2026/compiler/codegen_arm64.cpp,400,reachable raw boundary; no exact closure classification
raw_boundary,compemu_raw_mov_l_mr,unreviewed,compemu_raw_mov_l_mr,60,17,BasiliskII/src/uae_cpu_2026/compiler/codegen_arm64.cpp,420,reachable raw boundary; no exact closure classification
raw_boundary,compemu_raw_mov_l_ri,audited,compemu_raw_mov_l_ri,60,8,BasiliskII/src/uae_cpu_2026/compiler/codegen_arm64.cpp,437,BasiliskII/docs/AARCH64_JIT_AUDIT_MOV_L_RI_LIFECYCLE.md
raw_boundary,compemu_raw_mov_l_rm,unreviewed,compemu_raw_mov_l_rm,60,26,BasiliskII/src/uae_cpu_2026/compiler/codegen_arm64.cpp,443,reachable raw boundary; no exact closure classification
raw_boundary,compemu_raw_mov_l_rr,unreviewed,compemu_raw_mov_l_rr,60,6,BasiliskII/src/uae_cpu_2026/compiler/codegen_arm64.cpp,459,reachable raw boundary; no exact closure classification
raw_boundary,compemu_raw_observer_restore,audited,compemu_raw_observer_restore,60,4,BasiliskII/src/uae_cpu_2026/compiler/codegen_arm64.cpp,260,AARCH64_JIT_AUDIT_AREA1_BLOCK_LIFECYCLE.md; AREA2_PC_OWNERSHIP.md; AREA3_FLAGS_LIVENESS.md; AREA4_CALLS_AND_ALLOCATOR.md
raw_boundary,compemu_raw_observer_save,audited,compemu_raw_observer_save,60,4,BasiliskII/src/uae_cpu_2026/compiler/codegen_arm64.cpp,244,AARCH64_JIT_AUDIT_AREA1_BLOCK_LIFECYCLE.md; AREA2_PC_OWNERSHIP.md; AREA3_FLAGS_LIVENESS.md; AREA4_CALLS_AND_ALLOCATOR.md
raw_boundary,compemu_raw_set_pc_from_reg,audited,compemu_raw_set_pc_from_reg,86,5,BasiliskII/src/uae_cpu_2026/compiler/codegen_arm64.cpp,373,AARCH64_JIT_AUDIT_AREA1_BLOCK_LIFECYCLE.md; AREA2_PC_OWNERSHIP.md; AREA3_FLAGS_LIVENESS.md; AREA4_CALLS_AND_ALLOCATOR.md
raw_boundary,compemu_raw_set_pc_full_const,audited,compemu_raw_set_pc_full_const,86,2,BasiliskII/src/uae_cpu_2026/compiler/codegen_arm64.cpp,359,AARCH64_JIT_AUDIT_AREA1_BLOCK_LIFECYCLE.md; AREA2_PC_OWNERSHIP.md; AREA3_FLAGS_LIVENESS.md; AREA4_CALLS_AND_ALLOCATOR.md
raw_boundary,compemu_raw_set_pc_full_from_reg,audited,compemu_raw_set_pc_full_from_reg,86,3,BasiliskII/src/uae_cpu_2026/compiler/codegen_arm64.cpp,346,AARCH64_JIT_AUDIT_AREA1_BLOCK_LIFECYCLE.md; AREA2_PC_OWNERSHIP.md; AREA3_FLAGS_LIVENESS.md; AREA4_CALLS_AND_ALLOCATOR.md
raw_boundary,compemu_raw_set_pc_full_i,audited,compemu_raw_set_pc_full_i,86,8,BasiliskII/src/uae_cpu_2026/compiler/codegen_arm64.cpp,387,AARCH64_JIT_AUDIT_AREA1_BLOCK_LIFECYCLE.md; AREA2_PC_OWNERSHIP.md; AREA3_FLAGS_LIVENESS.md; AREA4_CALLS_AND_ALLOCATOR.md
raw_boundary,compemu_raw_set_pc_i,audited,compemu_raw_set_pc_i,86,5,BasiliskII/src/uae_cpu_2026/compiler/codegen_arm64.cpp,365,AARCH64_JIT_AUDIT_AREA1_BLOCK_LIFECYCLE.md; AREA2_PC_OWNERSHIP.md; AREA3_FLAGS_LIVENESS.md; AREA4_CALLS_AND_ALLOCATOR.md
raw_boundary,raw_fabs_rr,unreachable,raw_fabs_rr,60,2,BasiliskII/src/uae_cpu_2026/compiler/codegen_arm64.cpp,1216,only its LOWFUNC/LENDFUNC definition remains after configured AArch64 sign selectors service before unreachable fabs_rr
raw_boundary,raw_fadd_rr,unreachable,raw_fadd_rr,60,2,BasiliskII/src/uae_cpu_2026/compiler/codegen_arm64.cpp,1234,only its LOWFUNC/LENDFUNC definition remains after configured AArch64 add selectors service before unreachable fadd_rr
raw_boundary,raw_fcuts_r,unreachable,raw_fcuts_r,60,2,BasiliskII/src/uae_cpu_2026/compiler/codegen_arm64.cpp,1342,only its LOWFUNC/LENDFUNC definition remains below unreachable fcuts_r after configured AArch64 FSMOVE/FDMOVE service; FCVT_sd/FCVT_ds remain reachable from other compositions
raw_boundary,raw_fdiv_rr,unreachable,raw_fdiv_rr,60,2,BasiliskII/src/uae_cpu_2026/compiler/codegen_arm64.cpp,1228,only its LOWFUNC/LENDFUNC definition remains after both configured AArch64 divide roots service before unreachable fdiv_rr; later paired remainder retirement also makes FDIV_ddd unreachable
raw_boundary,raw_fflags_into_flags,unreviewed,raw_fflags_into_flags,60,2,BasiliskII/src/uae_cpu_2026/compiler/codegen_arm64.cpp,1522,reachable when USE_JIT_FPU compfpu is enabled; no exact closure classification
raw_boundary,raw_ffunc_rr,unreachable,raw_ffunc_rr,60,2,BasiliskII/src/uae_cpu_2026/compiler/codegen_arm64.cpp,1373,only its LOWFUNC/LENDFUNC definition remains after all four configured AArch64 FSIN/FETOX/FLOG2/FCOS roots enter MPFR service before unreachable ffunc_rr; AARCH64_JIT_AUDIT_FFUNC_RETIREMENT.md
raw_boundary,raw_flags_to_reg,audited,raw_flags_to_reg,60,4,BasiliskII/src/uae_cpu_2026/compiler/codegen_arm64.cpp,192,AARCH64_JIT_AUDIT_AREA1_BLOCK_LIFECYCLE.md; AREA2_PC_OWNERSHIP.md; AREA3_FLAGS_LIVENESS.md; AREA4_CALLS_AND_ALLOCATOR.md
raw_boundary,raw_fmod_rr,unreachable,raw_fmod_rr,60,2,BasiliskII/src/uae_cpu_2026/compiler/codegen_arm64.cpp,1325,only its LOWFUNC/LENDFUNC definition remains below unreachable fmod_rr after configured FMOD service; its retained FDIV_ddd and FMSUB_dddd sites are retired with the paired FREM lower chain
raw_boundary,raw_fmov_b_rr,audited,raw_fmov_b_rr,60,3,BasiliskII/src/uae_cpu_2026/compiler/codegen_arm64.cpp,934,BasiliskII/docs/AARCH64_JIT_AUDIT_FPP_FMOVE_INTEGER_SOURCE.md
raw_boundary,raw_fmov_d_ri_0,unreachable,raw_fmov_d_ri_0,60,2,BasiliskII/src/uae_cpu_2026/compiler/codegen_arm64.cpp,1163,only its LOWFUNC/LENDFUNC definition remains below unreachable fmov_d_ri_0 after configured FMOVECR selector 15 enters exact MPFR service; MOVI_di remains independently classified; AARCH64_JIT_AUDIT_FMOV_ZERO_ONE_RETIREMENT.md
raw_boundary,raw_fmov_d_ri_1,unreachable,raw_fmov_d_ri_1,60,2,BasiliskII/src/uae_cpu_2026/compiler/codegen_arm64.cpp,1169,only its LOWFUNC/LENDFUNC definition remains below unreachable fmov_d_ri_1 after configured FMOVECR selector 50 enters exact MPFR service; FMOV_di remains audited and reachable elsewhere; AARCH64_JIT_AUDIT_FMOV_ZERO_ONE_RETIREMENT.md
raw_boundary,raw_fmov_d_ri_10,unreachable,raw_fmov_d_ri_10,60,2,BasiliskII/src/uae_cpu_2026/compiler/codegen_arm64.cpp,1175,only its LOWFUNC/LENDFUNC definition remains below unreachable fmov_d_ri_10 and fmov_l_ri; FMOV_di remains reachable from other compositions
raw_boundary,raw_fmov_d_ri_100,unreachable,raw_fmov_d_ri_100,60,2,BasiliskII/src/uae_cpu_2026/compiler/codegen_arm64.cpp,1181,only its LOWFUNC/LENDFUNC definition remains below unreachable fmov_d_ri_100 and fmov_l_ri; SCVTF_dw remains reachable from other compositions
raw_boundary,raw_fmov_d_rm,audited,raw_fmov_d_rm,60,3,BasiliskII/src/uae_cpu_2026/compiler/codegen_arm64.cpp,1188,BasiliskII/docs/AARCH64_JIT_AUDIT_FMOV_RM_LIFECYCLE.md
raw_boundary,raw_fmov_d_rrr,unreachable,raw_fmov_d_rrr,60,2,BasiliskII/src/uae_cpu_2026/compiler/codegen_arm64.cpp,941,only its LOWFUNC/LENDFUNC definition remains below unreachable fmov_d_rrr; BFI_xxii and FMOV_dx remain reachable from other compositions
raw_boundary,raw_fmov_l_rr,audited,raw_fmov_l_rr,60,3,BasiliskII/src/uae_cpu_2026/compiler/codegen_arm64.cpp,914,BasiliskII/docs/AARCH64_JIT_AUDIT_FPP_FMOVE_INTEGER_SOURCE.md
raw_boundary,raw_fmov_rr,audited,raw_fmov_rr,60,3,BasiliskII/src/uae_cpu_2026/compiler/codegen_arm64.cpp,886,BasiliskII/docs/AARCH64_JIT_AUDIT_FMOV_PRIMITIVES.md
raw_boundary,raw_fmov_s_rr,audited,raw_fmov_s_rr,60,3,BasiliskII/src/uae_cpu_2026/compiler/codegen_arm64.cpp,920,BasiliskII/docs/AARCH64_JIT_AUDIT_FMOV_S_RR_LIFECYCLE.md
raw_boundary,raw_fmov_to_b_rr,audited,raw_fmov_to_b_rr,60,3,BasiliskII/src/uae_cpu_2026/compiler/codegen_arm64.cpp,1157,BasiliskII/docs/AARCH64_JIT_AUDIT_FMOV_TO_INTEGER_LIFECYCLE.md
raw_boundary,raw_fmov_to_d_rrr,unreachable,raw_fmov_to_d_rrr,60,2,BasiliskII/src/uae_cpu_2026/compiler/codegen_arm64.cpp,1203,only its LOWFUNC/LENDFUNC definition remains below unreachable fmov_to_d_rrr after configured double destinations enter exact MPFR service before put_fp_value; FMOV_xd and LSR_xxi remain independently classified; AARCH64_JIT_AUDIT_FMOV_TO_D_RRR_UNREACHABLE.md
raw_boundary,raw_fmov_to_l_rr,audited,raw_fmov_to_l_rr,60,3,BasiliskII/src/uae_cpu_2026/compiler/codegen_arm64.cpp,1073,BasiliskII/docs/AARCH64_JIT_AUDIT_FMOV_TO_INTEGER_LIFECYCLE.md
raw_boundary,raw_fmov_to_s_rr,audited,raw_fmov_to_s_rr,60,3,BasiliskII/src/uae_cpu_2026/compiler/codegen_arm64.cpp,1079,BasiliskII/docs/AARCH64_JIT_AUDIT_FMOV_TO_S_RR_LIFECYCLE.md
raw_boundary,raw_fmov_to_w_rr,audited,raw_fmov_to_w_rr,60,3,BasiliskII/src/uae_cpu_2026/compiler/codegen_arm64.cpp,1151,BasiliskII/docs/AARCH64_JIT_AUDIT_FMOV_TO_INTEGER_LIFECYCLE.md
raw_boundary,raw_fmov_w_rr,audited,raw_fmov_w_rr,60,3,BasiliskII/src/uae_cpu_2026/compiler/codegen_arm64.cpp,927,BasiliskII/docs/AARCH64_JIT_AUDIT_FPP_FMOVE_INTEGER_SOURCE.md
raw_boundary,raw_fmovs_rm,unreachable,raw_fmovs_rm,60,2,BasiliskII/src/uae_cpu_2026/compiler/codegen_arm64.cpp,1195,only its LOWFUNC/LENDFUNC definition remains below configured-unreachable fmovs_rm; active AArch64 single sources use fmov_s_rr -> raw_fmov_s_rr; LDR_sXi and FCVT_ds remain independently classified; AARCH64_JIT_AUDIT_FMOVS_RM_UNREACHABLE.md
raw_boundary,raw_fmovs_rr,unreachable,raw_fmovs_rr,60,2,BasiliskII/src/uae_cpu_2026/compiler/codegen_arm64.cpp,1366,only its LOWFUNC/LENDFUNC definition remains below unreachable fmovs_rr; FCVT_sd and FCVT_ds remain reachable from other compositions
raw_boundary,raw_fmul_rr,unreachable,raw_fmul_rr,60,2,BasiliskII/src/uae_cpu_2026/compiler/codegen_arm64.cpp,1240,only its LOWFUNC/LENDFUNC definition remains after both configured AArch64 multiply roots service before unreachable fmul_rr
raw_boundary,raw_fneg_rr,unreachable,raw_fneg_rr,60,2,BasiliskII/src/uae_cpu_2026/compiler/codegen_arm64.cpp,1222,only its LOWFUNC/LENDFUNC definition remains after configured AArch64 sign selectors service before unreachable fneg_rr
raw_boundary,raw_fp_from_double_mr,unreachable,raw_fp_from_double_mr,60,2,BasiliskII/src/uae_cpu_2026/compiler/codegen_arm64.cpp,1508,only its LOWFUNC/LENDFUNC definition remains below configured-unreachable fp_from_double_mr; the retained fmov_mr source call is in the inactive non-AArch64 ordinary-double destination arm; REV64_dd and STR_dXx remain independently classified; AARCH64_JIT_AUDIT_FP_FROM_DOUBLE_MR_UNREACHABLE.md
raw_boundary,raw_fp_from_exten_mr,unreachable,raw_fp_from_exten_mr,60,2,BasiliskII/src/uae_cpu_2026/compiler/codegen_arm64.cpp,1409,only its LOWFUNC/LENDFUNC definition remains below service-dominated fp_from_exten_mr; all ordinary/static-FMOVEM store compositions enter exact MPFR service first; AARCH64_JIT_AUDIT_FP_EXTENDED_MEMORY_UNREACHABLE.md
raw_boundary,raw_fp_fscc_ri,audited,raw_fp_fscc_ri,60,4,BasiliskII/src/uae_cpu_2026/compiler/codegen_arm64.cpp,1527,BasiliskII/docs/AARCH64_JIT_AUDIT_FSCC_LIFECYCLE.md
raw_boundary,raw_fp_to_double_rm,unreachable,raw_fp_to_double_rm,60,2,BasiliskII/src/uae_cpu_2026/compiler/codegen_arm64.cpp,1515,only its LOWFUNC/LENDFUNC definition remains below configured-unreachable fp_to_double_rm; live double-memory imports use ordered guest reads -> temp_fp -> fmov_rm -> raw_fmov_d_rm; LDR_dXx and REV64_dd remain independently classified; AARCH64_JIT_AUDIT_FP_TO_DOUBLE_RM_UNREACHABLE.md
raw_boundary,raw_fp_to_exten_rm,unreachable,raw_fp_to_exten_rm,60,2,BasiliskII/src/uae_cpu_2026/compiler/codegen_arm64.cpp,1462,only its LOWFUNC/LENDFUNC definition remains below service-dominated fp_to_exten_rm; all ordinary/static-FMOVEM load compositions enter exact MPFR service first; AARCH64_JIT_AUDIT_FP_EXTENDED_MEMORY_UNREACHABLE.md
raw_boundary,raw_fpowx_rr,unreachable,raw_fpowx_rr,60,2,BasiliskII/src/uae_cpu_2026/compiler/codegen_arm64.cpp,1387,only its LOWFUNC/LENDFUNC definition remains after configured AArch64 FTWOTOX enters exact MPFR exp2 service before unreachable fpowx_rr; AARCH64_JIT_AUDIT_FPOWX_UNREACHABLE.md
raw_boundary,raw_frem1_rr,unreachable,raw_frem1_rr,60,2,BasiliskII/src/uae_cpu_2026/compiler/codegen_arm64.cpp,1349,only its LOWFUNC/LENDFUNC definition remains below unreachable frem1_rr after configured FREM service; its retained FDIV_ddd and FMSUB_dddd sites are retired with the paired FMOD lower chain
raw_boundary,raw_frndint_rr,unreachable,raw_frndint_rr,60,2,BasiliskII/src/uae_cpu_2026/compiler/codegen_arm64.cpp,1313,only its LOWFUNC/LENDFUNC definition remains below unreachable frndint_rr; FRINTI_dd remains reachable from integer-destination rounding
raw_boundary,raw_frndintz_rr,unreachable,raw_frndintz_rr,60,2,BasiliskII/src/uae_cpu_2026/compiler/codegen_arm64.cpp,1319,only its LOWFUNC/LENDFUNC definition remains below unreachable frndintz_rr; later paired remainder retirement also makes FRINTZ_dd unreachable
raw_boundary,raw_fsgldiv_rr,unreachable,raw_fsgldiv_rr,60,2,BasiliskII/src/uae_cpu_2026/compiler/codegen_arm64.cpp,1333,only its LOWFUNC/LENDFUNC definition remains below unreachable fsgldiv_rr after configured AArch64 FSGLDIV service; FCVT_sd and FCVT_ds remain reachable from other compositions
raw_boundary,raw_fsglmul_rr,unreachable,raw_fsglmul_rr,60,2,BasiliskII/src/uae_cpu_2026/compiler/codegen_arm64.cpp,1357,only its LOWFUNC/LENDFUNC definition remains below unreachable fsglmul_rr after configured AArch64 FSGLMUL service; FCVT_sd and FCVT_ds remain reachable from other compositions
raw_boundary,raw_fsqrt_rr,unreachable,raw_fsqrt_rr,60,2,BasiliskII/src/uae_cpu_2026/compiler/codegen_arm64.cpp,1210,only its LOWFUNC/LENDFUNC definition remains after configured AArch64 square-root selectors service before unreachable fsqrt_rr
raw_boundary,raw_fsub_rr,unreachable,raw_fsub_rr,60,2,BasiliskII/src/uae_cpu_2026/compiler/codegen_arm64.cpp,1246,only its LOWFUNC/LENDFUNC definition remains after configured AArch64 subtract selectors service before unreachable fsub_rr
raw_boundary,raw_pop_preserved_regs,audited,raw_pop_preserved_regs,60,9,BasiliskII/src/uae_cpu_2026/compiler/codegen_arm64.cpp,92,AARCH64_JIT_AUDIT_AREA1_BLOCK_LIFECYCLE.md; AREA2_PC_OWNERSHIP.md; AREA3_FLAGS_LIVENESS.md; AREA4_CALLS_AND_ALLOCATOR.md
raw_boundary,raw_push_regs_to_preserve,audited,raw_push_regs_to_preserve,60,3,BasiliskII/src/uae_cpu_2026/compiler/codegen_arm64.cpp,92,AARCH64_JIT_AUDIT_AREA1_BLOCK_LIFECYCLE.md; AREA2_PC_OWNERSHIP.md; AREA3_FLAGS_LIVENESS.md; AREA4_CALLS_AND_ALLOCATOR.md
raw_boundary,raw_reg_to_flags,audited,raw_reg_to_flags,60,2,BasiliskII/src/uae_cpu_2026/compiler/codegen_arm64.cpp,211,AARCH64_JIT_AUDIT_AREA1_BLOCK_LIFECYCLE.md; AREA2_PC_OWNERSHIP.md; AREA3_FLAGS_LIVENESS.md; AREA4_CALLS_AND_ALLOCATOR.md
runtime_boundary,jit_op_abcd,unreachable,jit_op_abcd,60,1,BasiliskII/src/uae_cpu_2026/compiler/compemu_legacy_arm64_compat.cpp,1659,definition/declaration has no generated or registration caller
runtime_boundary,jit_op_andsr,unreachable,jit_op_andsr,60,1,BasiliskII/src/uae_cpu_2026/compiler/compemu_legacy_arm64_compat.cpp,1430,definition/declaration has no generated or registration caller
runtime_boundary,jit_op_aslw,unreachable,jit_op_aslw,60,1,BasiliskII/src/uae_cpu_2026/compiler/compemu_legacy_arm64_compat.cpp,2328,definition/declaration has no generated or registration caller
runtime_boundary,jit_op_asrw,unreachable,jit_op_asrw,60,1,BasiliskII/src/uae_cpu_2026/compiler/compemu_legacy_arm64_compat.cpp,2315,definition/declaration has no generated or registration caller
runtime_boundary,jit_op_bfchg,serviced,jit_op_bfchg,60,3,BasiliskII/src/uae_cpu_2026/compiler/compemu_support_arm.cpp,69,explicit flushed/end-block runtime semantic boundary
runtime_boundary,jit_op_bfclr,serviced,jit_op_bfclr,60,3,BasiliskII/src/uae_cpu_2026/compiler/compemu_support_arm.cpp,71,explicit flushed/end-block runtime semantic boundary
runtime_boundary,jit_op_bfexts,serviced,jit_op_bfexts,60,3,BasiliskII/src/uae_cpu_2026/compiler/compemu_support_arm.cpp,70,explicit flushed/end-block runtime semantic boundary
runtime_boundary,jit_op_bfextu,serviced,jit_op_bfextu,60,3,BasiliskII/src/uae_cpu_2026/compiler/compemu_support_arm.cpp,68,explicit flushed/end-block runtime semantic boundary
runtime_boundary,jit_op_bfffo,serviced,jit_op_bfffo,60,3,BasiliskII/src/uae_cpu_2026/compiler/compemu_support_arm.cpp,72,explicit flushed/end-block runtime semantic boundary
runtime_boundary,jit_op_bfins,serviced,jit_op_bfins,60,3,BasiliskII/src/uae_cpu_2026/compiler/compemu_support_arm.cpp,74,explicit flushed/end-block runtime semantic boundary
runtime_boundary,jit_op_bfset,serviced,jit_op_bfset,60,3,BasiliskII/src/uae_cpu_2026/compiler/compemu_support_arm.cpp,73,explicit flushed/end-block runtime semantic boundary
runtime_boundary,jit_op_bftst,serviced,jit_op_bftst,60,3,BasiliskII/src/uae_cpu_2026/compiler/compemu_support_arm.cpp,67,explicit flushed/end-block runtime semantic boundary
runtime_boundary,jit_op_chk,unreachable,jit_op_chk,60,1,BasiliskII/src/uae_cpu_2026/compiler/compemu_legacy_arm64_compat.cpp,1873,definition/declaration has no generated or registration caller
runtime_boundary,jit_op_chk2,serviced,jit_op_chk2,60,44,BasiliskII/src/uae_cpu_2026/compiler/compemu_legacy_arm64_compat.cpp,1893,explicit flushed/end-block runtime semantic boundary
runtime_boundary,jit_op_divl,unreachable,jit_op_divl,60,1,BasiliskII/src/uae_cpu_2026/compiler/compemu_legacy_arm64_compat.cpp,1590,definition/declaration has no generated or registration caller
runtime_boundary,jit_op_divs_w,unreachable,jit_op_divs,60,1,BasiliskII/src/uae_cpu_2026/compiler/compemu_legacy_arm64_compat.cpp,1511,definition/declaration has no generated or registration caller
runtime_boundary,jit_op_divu_w,unreachable,jit_op_divu,60,1,BasiliskII/src/uae_cpu_2026/compiler/compemu_legacy_arm64_compat.cpp,1480,definition/declaration has no generated or registration caller
runtime_boundary,jit_op_eorsr,unreachable,jit_op_eorsr,60,1,BasiliskII/src/uae_cpu_2026/compiler/compemu_legacy_arm64_compat.cpp,1444,definition/declaration has no generated or registration caller
runtime_boundary,jit_op_lslw,unreachable,jit_op_lslw,60,1,BasiliskII/src/uae_cpu_2026/compiler/compemu_legacy_arm64_compat.cpp,2355,definition/declaration has no generated or registration caller
runtime_boundary,jit_op_lsrw,unreachable,jit_op_lsrw,60,1,BasiliskII/src/uae_cpu_2026/compiler/compemu_legacy_arm64_compat.cpp,2342,definition/declaration has no generated or registration caller
runtime_boundary,jit_op_MakeFromSR,unreachable,jit_op_MakeFromSR,60,1,BasiliskII/src/uae_cpu_2026/compiler/compemu_legacy_arm64_compat.cpp,1401,definition/declaration has no generated or registration caller
runtime_boundary,jit_op_MakeSR,unreachable,jit_op_MakeSR,60,1,BasiliskII/src/uae_cpu_2026/compiler/compemu_legacy_arm64_compat.cpp,1406,definition/declaration has no generated or registration caller
runtime_boundary,jit_op_moves,unreachable,jit_op_moves,60,1,BasiliskII/src/uae_cpu_2026/compiler/compemu_legacy_arm64_compat.cpp,1861,definition/declaration has no generated or registration caller
runtime_boundary,jit_op_mull,unreachable,jit_op_mull,60,1,BasiliskII/src/uae_cpu_2026/compiler/compemu_legacy_arm64_compat.cpp,1546,definition/declaration has no generated or registration caller
runtime_boundary,jit_op_mvpmr,serviced,jit_op_mvpmr,60,6,BasiliskII/src/uae_cpu_2026/compiler/compemu_legacy_arm64_compat.cpp,1806,explicit flushed/end-block runtime semantic boundary
runtime_boundary,jit_op_mvprm,serviced,jit_op_mvprm,60,6,BasiliskII/src/uae_cpu_2026/compiler/compemu_legacy_arm64_compat.cpp,1782,explicit flushed/end-block runtime semantic boundary
runtime_boundary,jit_op_nbcd,unreachable,jit_op_nbcd,60,1,BasiliskII/src/uae_cpu_2026/compiler/compemu_legacy_arm64_compat.cpp,1743,definition/declaration has no generated or registration caller
runtime_boundary,jit_op_orsr,unreachable,jit_op_orsr,60,1,BasiliskII/src/uae_cpu_2026/compiler/compemu_legacy_arm64_compat.cpp,1416,definition/declaration has no generated or registration caller
runtime_boundary,jit_op_pack,serviced,jit_op_pack,60,6,BasiliskII/src/uae_cpu_2026/compiler/compemu_legacy_arm64_compat.cpp,1977,explicit flushed/end-block runtime semantic boundary
runtime_boundary,jit_op_rolw,unreachable,jit_op_rolw,60,1,BasiliskII/src/uae_cpu_2026/compiler/compemu_legacy_arm64_compat.cpp,2368,definition/declaration has no generated or registration caller
runtime_boundary,jit_op_rorw,unreachable,jit_op_rorw,60,1,BasiliskII/src/uae_cpu_2026/compiler/compemu_legacy_arm64_compat.cpp,2381,definition/declaration has no generated or registration caller
runtime_boundary,jit_op_roxl,unreachable,jit_op_roxl,60,1,BasiliskII/src/uae_cpu_2026/compiler/compemu_legacy_arm64_compat.cpp,2239,definition/declaration has no generated or registration caller
runtime_boundary,jit_op_roxlw,unreachable,jit_op_roxlw,60,1,BasiliskII/src/uae_cpu_2026/compiler/compemu_legacy_arm64_compat.cpp,2394,definition/declaration has no generated or registration caller
runtime_boundary,jit_op_roxr,unreachable,jit_op_roxr,60,1,BasiliskII/src/uae_cpu_2026/compiler/compemu_legacy_arm64_compat.cpp,2276,definition/declaration has no generated or registration caller
runtime_boundary,jit_op_roxrw,unreachable,jit_op_roxrw,60,1,BasiliskII/src/uae_cpu_2026/compiler/compemu_legacy_arm64_compat.cpp,2408,definition/declaration has no generated or registration caller
runtime_boundary,jit_op_rtr,unreachable,jit_op_rtr,60,1,BasiliskII/src/uae_cpu_2026/compiler/compemu_legacy_arm64_compat.cpp,1834,definition/declaration has no generated or registration caller
runtime_boundary,jit_op_sbcd,unreachable,jit_op_sbcd,60,1,BasiliskII/src/uae_cpu_2026/compiler/compemu_legacy_arm64_compat.cpp,1703,definition/declaration has no generated or registration caller
runtime_boundary,jit_op_tas,unreachable,jit_op_tas,60,1,BasiliskII/src/uae_cpu_2026/compiler/compemu_legacy_arm64_compat.cpp,1945,definition/declaration has no generated or registration caller
runtime_boundary,jit_op_trap,unreachable,jit_op_trap,60,1,BasiliskII/src/uae_cpu_2026/compiler/compemu_legacy_arm64_compat.cpp,1847,definition/declaration has no generated or registration caller
runtime_boundary,jit_op_trapcc,unreachable,jit_op_trapcc,60,1,BasiliskII/src/uae_cpu_2026/compiler/compemu_legacy_arm64_compat.cpp,2423,definition/declaration has no generated or registration caller
runtime_boundary,jit_op_trapv,unreachable,jit_op_trapv,60,1,BasiliskII/src/uae_cpu_2026/compiler/compemu_legacy_arm64_compat.cpp,1854,definition/declaration has no generated or registration caller
runtime_boundary,jit_op_unpk,serviced,jit_op_unpk,60,6,BasiliskII/src/uae_cpu_2026/compiler/compemu_legacy_arm64_compat.cpp,2014,explicit flushed/end-block runtime semantic boundary
runtime_boundary,jit_runtime_aline_trap,serviced,jit_runtime_aline_trap,60,2,BasiliskII/src/uae_cpu_2026/compiler/compemu_support_arm.cpp,5045,explicit flushed/end-block runtime semantic boundary
runtime_boundary,jit_runtime_andsr_word,serviced,jit_runtime_andsr_word,60,2,BasiliskII/src/uae_cpu_2026/compiler/compemu_support_arm.cpp,4269,explicit flushed/end-block runtime semantic boundary
runtime_boundary,jit_runtime_bitfield,serviced,jit_runtime_bitfield,60,2,BasiliskII/src/uae_cpu_2026/compiler/compemu_support_arm.cpp,4732,explicit flushed/end-block runtime semantic boundary
runtime_boundary,jit_runtime_bsr,serviced,jit_runtime_bsr,60,2,BasiliskII/src/uae_cpu_2026/compiler/compemu_support_arm.cpp,4462,explicit flushed/end-block runtime semantic boundary
runtime_boundary,jit_runtime_cache_control,serviced,jit_runtime_cache_control,60,2,BasiliskII/src/uae_cpu_2026/compiler/compemu_support_arm.cpp,4576,explicit flushed/end-block runtime semantic boundary
runtime_boundary,jit_runtime_cas,serviced,jit_runtime_cas,60,2,BasiliskII/src/uae_cpu_2026/compiler/compemu_support_arm.cpp,4811,explicit flushed/end-block runtime semantic boundary
runtime_boundary,jit_runtime_cas2,serviced,jit_runtime_cas2,60,2,BasiliskII/src/uae_cpu_2026/compiler/compemu_support_arm.cpp,4910,explicit flushed/end-block runtime semantic boundary
runtime_boundary,jit_runtime_emulop,serviced,jit_runtime_emulop,60,2,BasiliskII/src/uae_cpu_2026/compiler/compemu_support_arm.cpp,5172,explicit flushed/end-block runtime semantic boundary
runtime_boundary,jit_runtime_eorsr_word,serviced,jit_runtime_eorsr_word,60,2,BasiliskII/src/uae_cpu_2026/compiler/compemu_support_arm.cpp,4281,explicit flushed/end-block runtime semantic boundary
runtime_boundary,jit_runtime_fbcc,serviced,jit_runtime_fbcc,60,2,BasiliskII/src/uae_cpu_2026/compiler/compemu_support_arm.cpp,5069,explicit flushed/end-block runtime semantic boundary
runtime_boundary,jit_runtime_fdbcc,serviced,jit_runtime_fdbcc,60,3,BasiliskII/src/uae_cpu_2026/compiler/compemu_support_arm.cpp,5084,explicit flushed/end-block runtime semantic boundary
runtime_boundary,jit_runtime_fpp,serviced,jit_runtime_fpp,60,2,BasiliskII/src/uae_cpu_2026/compiler/compemu_support_arm.cpp,5055,explicit flushed/end-block runtime semantic boundary
runtime_boundary,jit_runtime_fpu_semantic,serviced,jit_runtime_fpu_semantic,60,2,BasiliskII/src/uae_cpu_2026/compiler/compemu_support_arm.cpp,5142,explicit flushed/end-block runtime semantic boundary
runtime_boundary,jit_runtime_frestore,serviced,jit_runtime_frestore,60,3,BasiliskII/src/uae_cpu_2026/compiler/compemu_support_arm.cpp,5132,explicit flushed/end-block runtime semantic boundary
runtime_boundary,jit_runtime_fsave,serviced,jit_runtime_fsave,60,3,BasiliskII/src/uae_cpu_2026/compiler/compemu_support_arm.cpp,5120,explicit flushed/end-block runtime semantic boundary
runtime_boundary,jit_runtime_fscc,serviced,jit_runtime_fscc,60,2,BasiliskII/src/uae_cpu_2026/compiler/compemu_support_arm.cpp,5062,explicit flushed/end-block runtime semantic boundary
runtime_boundary,jit_runtime_ftrapcc,serviced,jit_runtime_ftrapcc,60,3,BasiliskII/src/uae_cpu_2026/compiler/compemu_support_arm.cpp,5093,explicit flushed/end-block runtime semantic boundary
runtime_boundary,jit_runtime_illegal_advanced,serviced,jit_runtime_illegal_advanced,60,2,BasiliskII/src/uae_cpu_2026/compiler/compemu_support_arm.cpp,4591,explicit flushed/end-block runtime semantic boundary
runtime_boundary,jit_runtime_illegal_trap,serviced,jit_runtime_illegal_trap,60,2,BasiliskII/src/uae_cpu_2026/compiler/compemu_support_arm.cpp,5050,explicit flushed/end-block runtime semantic boundary
runtime_boundary,jit_runtime_moves,serviced,jit_runtime_moves,60,2,BasiliskII/src/uae_cpu_2026/compiler/compemu_support_arm.cpp,4600,explicit flushed/end-block runtime semantic boundary
runtime_boundary,jit_runtime_mv2sr_word_full,serviced,jit_runtime_mv2sr_word_full,60,2,BasiliskII/src/uae_cpu_2026/compiler/compemu_support_arm.cpp,4354,explicit flushed/end-block runtime semantic boundary
runtime_boundary,jit_runtime_mvsr2_full,serviced,jit_runtime_mvsr2_full,60,2,BasiliskII/src/uae_cpu_2026/compiler/compemu_support_arm.cpp,4293,explicit flushed/end-block runtime semantic boundary
runtime_boundary,jit_runtime_orsr_word,serviced,jit_runtime_orsr_word,60,2,BasiliskII/src/uae_cpu_2026/compiler/compemu_support_arm.cpp,4257,explicit flushed/end-block runtime semantic boundary
runtime_boundary,jit_runtime_rts,serviced,jit_runtime_rts,60,2,BasiliskII/src/uae_cpu_2026/compiler/compemu_support_arm.cpp,4456,explicit flushed/end-block runtime semantic boundary
runtime_boundary,jit_runtime_system_control,serviced,jit_runtime_system_control,60,2,BasiliskII/src/uae_cpu_2026/compiler/compemu_support_arm.cpp,4514,explicit flushed/end-block runtime semantic boundary
runtime_boundary,jit_runtime_trap,serviced,jit_runtime_trap,60,2,BasiliskII/src/uae_cpu_2026/compiler/compemu_support_arm.cpp,4482,explicit flushed/end-block runtime semantic boundary
runtime_boundary,jit_runtime_trapcc,serviced,jit_runtime_trapcc,60,2,BasiliskII/src/uae_cpu_2026/compiler/compemu_support_arm.cpp,4490,explicit flushed/end-block runtime semantic boundary
